path	category	risk	status
EZMicroBalanceCode/Ancients/Common/AncientSavedStateFields.cs	cs-high-risk	high	skipped
EZMicroBalanceCode/Ancients/Common/AncientSelectionEvidenceLog.cs	cs-high-risk	high	skipped
EZMicroBalanceCode/Ancients/Expansion/Lotha/LothaBlessingService.CombatEnd.cs	cs-high-risk	high	skipped
EZMicroBalanceCode/Ancients/Expansion/Lotha/LothaBlessingService.CombatStart.cs	cs-high-risk	high	skipped
EZMicroBalanceCode/Ancients/Expansion/Lotha/LothaBlessingService.CombatState.cs	cs-high-risk	high	skipped
EZMicroBalanceCode/Ancients/Expansion/Lotha/LothaBlessingService.CombatStateReset.cs	cs-high-risk	high	skipped
EZMicroBalanceCode/Ancients/Expansion/Lotha/LothaCombatHook.cs	cs-high-risk	high	skipped
EZMicroBalanceCode/Ancients/Expansion/Lotha/LothaRewardSelectionService.cs	cs-high-risk	high	skipped
EZMicroBalanceCode/Ancients/Expansion/Lotha/LothaRunHook.cs	cs-high-risk	high	skipped
EZMicroBalanceCode/Ancients/Expansion/Morvi/MorviBlessingService.CombatLifecycle.cs	cs-high-risk	high	skipped
EZMicroBalanceCode/Ancients/Expansion/Morvi/MorviBlessingService.CombatState.cs	cs-high-risk	high	skipped
EZMicroBalanceCode/Ancients/Expansion/Morvi/MorviCombatHook.cs	cs-high-risk	high	skipped
EZMicroBalanceCode/Ancients/Expansion/Morvi/MorviRunHook.cs	cs-high-risk	high	skipped
EZMicroBalanceCode/Ancients/Expansion/Urda/UrdaBlessingService.RunLifecycle.cs	cs-high-risk	high	skipped
EZMicroBalanceCode/Ancients/Expansion/Urda/UrdaBlessingService.StateParsing.cs	cs-high-risk	high	skipped
EZMicroBalanceCode/Ancients/Expansion/Urda/UrdaBlessingService.StateSchema.cs	cs-high-risk	high	skipped
EZMicroBalanceCode/Ancients/Expansion/Urda/UrdaCombatHook.cs	cs-high-risk	high	queued
EZMicroBalanceCode/Ancients/Expansion/Urda/UrdaRewardSelectionService.cs	cs-high-risk	high	queued
EZMicroBalanceCode/Ancients/Expansion/Urda/UrdaRootedRouteMapQuestMarker.cs	cs-high-risk	high	queued
EZMicroBalanceCode/Ancients/Expansion/Urda/UrdaRootSightMapQuestMarker.cs	cs-high-risk	high	queued
EZMicroBalanceCode/Ancients/Expansion/Urda/UrdaRunHook.cs	cs-high-risk	high	queued
EZMicroBalanceCode/Ancients/Expansion/Urda/UrdaStateCodec.cs	cs-high-risk	high	queued
EZMicroBalanceCode/Ancients/Expansion/Vakuu/VakuuFightCombatHook.cs	cs-high-risk	high	queued
EZMicroBalanceCode/Ancients/Expansion/Vakuu/VakuuFightRunHook.cs	cs-high-risk	high	queued
EZMicroBalanceCode/Ancients/Patches/BlackStarCompensationPatches.cs	cs-high-risk	high	queued
EZMicroBalanceCode/Ancients/Patches/BrightestFlameExhaustDrawPatch.cs	cs-high-risk	high	queued
EZMicroBalanceCode/Ancients/Patches/ChoicesParadoxPatches.cs	cs-high-risk	high	queued
EZMicroBalanceCode/Ancients/Patches/CrossbowPatches.cs	cs-high-risk	high	queued
EZMicroBalanceCode/Ancients/Patches/DebtAndCardPatches.cs	cs-high-risk	high	queued
EZMicroBalanceCode/Ancients/Patches/DistinguishedCapePatches.cs	cs-high-risk	high	queued
EZMicroBalanceCode/Ancients/Patches/FiddlePatches.cs	cs-high-risk	high	queued
EZMicroBalanceCode/Ancients/Patches/JeweledMaskPatches.cs	cs-high-risk	high	queued
EZMicroBalanceCode/Ancients/Patches/JewelryBoxPatches.cs	cs-high-risk	high	queued
EZMicroBalanceCode/Ancients/Patches/MeatCleaverCookPatches.cs	cs-high-risk	high	queued
EZMicroBalanceCode/Ancients/Patches/PaelsHornPhase1Patch.cs	cs-high-risk	high	queued
EZMicroBalanceCode/Ancients/Patches/PaelsToothPatches.cs	cs-high-risk	high	queued
EZMicroBalanceCode/Ancients/Patches/PaelsToothStoredCardService.cs	cs-high-risk	high	queued
EZMicroBalanceCode/Ancients/Patches/PickupRewardGatePatches.cs	cs-high-risk	high	queued
EZMicroBalanceCode/Ancients/Patches/PickupRewardPatches.cs	cs-high-risk	high	queued
EZMicroBalanceCode/Ancients/Patches/PickupRewardService.cs	cs-high-risk	high	queued
EZMicroBalanceCode/Ancients/Patches/PreservedFogPatches.cs	cs-high-risk	high	queued
EZMicroBalanceCode/Ancients/Patches/PrismaticGemHoverPatches.cs	cs-high-risk	high	queued
EZMicroBalanceCode/Ancients/Patches/PrismaticGemNormalRewardDecision.cs	cs-high-risk	high	queued
EZMicroBalanceCode/Ancients/Patches/PrismaticGemPatches.cs	cs-high-risk	high	queued
EZMicroBalanceCode/Ancients/Patches/PrismaticGemReplacementCleanup.cs	cs-high-risk	high	queued
EZMicroBalanceCode/Ancients/Patches/PrismaticGemReplacementPatches.cs	cs-high-risk	high	queued
EZMicroBalanceCode/Ancients/Patches/PrismaticGemReplacementPool.cs	cs-high-risk	high	queued
EZMicroBalanceCode/Ancients/Patches/PrismaticGemRewardContextPatches.cs	cs-high-risk	high	queued
EZMicroBalanceCode/Ancients/Patches/PrismaticGemRewardScreenHintBanner.cs	cs-high-risk	high	queued
EZMicroBalanceCode/Ancients/Patches/PrismaticGemRewardScreenHintBanner.Field.cs	cs-high-risk	high	queued
EZMicroBalanceCode/Ancients/Patches/PrismaticGemRewardScreenHintBanner.Node.cs	cs-high-risk	high	queued
EZMicroBalanceCode/Ancients/Patches/PrismaticGemRewardScreenHintPatch.cs	cs-high-risk	high	queued
EZMicroBalanceCode/Ancients/Patches/PrismaticGemRewardState.cs	cs-high-risk	high	queued
EZMicroBalanceCode/Ancients/Patches/SealOfGoldPatches.cs	cs-high-risk	high	queued
EZMicroBalanceCode/Ancients/Patches/SereTalonPickupPatches.cs	cs-high-risk	high	queued
EZMicroBalanceCode/Ancients/Patches/SereTalonVisualAssetPaths.cs	cs-high-risk	high	queued
EZMicroBalanceCode/Ancients/Patches/SereTalonVisualNodeRoutes.cs	cs-high-risk	high	queued
EZMicroBalanceCode/Ancients/Patches/SereTalonVisualPatches.cs	cs-high-risk	high	queued
EZMicroBalanceCode/Ancients/Patches/SereTalonVisualRelicModelRoutes.cs	cs-high-risk	high	queued
EZMicroBalanceCode/Ancients/Patches/SereTalonVisualRouteLog.cs	cs-high-risk	high	queued
EZMicroBalanceCode/Ancients/Patches/SereTalonVisualTextures.cs	cs-high-risk	high	queued
EZMicroBalanceCode/Ancients/Patches/SovereignBladeForgePatches.cs	cs-high-risk	high	queued
EZMicroBalanceCode/Ancients/Patches/TanxClawsMaulTuningPatches.cs	cs-high-risk	high	queued
EZMicroBalanceCode/Ancients/Patches/ToastyMittensPatches.cs	cs-high-risk	high	queued
EZMicroBalanceCode/Ancients/Patches/VakuRewardPatches.cs	cs-high-risk	high	queued
EZMicroBalanceCode/Ancients/Patches/VelvetChokerPatches.cs	cs-high-risk	high	queued
EZMicroBalanceCode/Ancients/Patches/VelvetChokerSoftLimitTracker.cs	cs-high-risk	high	queued
EZMicroBalanceCode/Ancients/Patches/WhisperingEarringPatches.cs	cs-high-risk	high	queued
EZMicroBalanceCode/Ascension/Combat/AscensionCombatModifierService.ActiveModifiers.cs	cs-high-risk	high	queued
EZMicroBalanceCode/Ascension/Combat/AscensionCombatModifierService.ActValues.cs	cs-high-risk	high	queued
EZMicroBalanceCode/Ascension/Combat/AscensionCombatModifierService.Banners.BloodPrize.cs	cs-high-risk	high	queued
EZMicroBalanceCode/Ascension/Combat/AscensionCombatModifierService.Banners.cs	cs-high-risk	high	queued
EZMicroBalanceCode/Ascension/Combat/AscensionCombatModifierService.Banners.LastStand.cs	cs-high-risk	high	queued
EZMicroBalanceCode/Ascension/Combat/AscensionCombatModifierService.Banners.PressingLine.cs	cs-high-risk	high	queued
EZMicroBalanceCode/Ascension/Combat/AscensionCombatModifierService.Banners.Shieldwall.cs	cs-high-risk	high	queued
EZMicroBalanceCode/Ascension/Combat/AscensionCombatModifierService.Banners.Targeting.cs	cs-high-risk	high	queued
EZMicroBalanceCode/Ascension/Combat/AscensionCombatModifierService.Banners.Vanguard.cs	cs-high-risk	high	queued
EZMicroBalanceCode/Ascension/Combat/AscensionCombatModifierService.BossSeals.A20Courtyard.cs	cs-high-risk	high	queued
EZMicroBalanceCode/Ascension/Combat/AscensionCombatModifierService.BossSeals.AeonglassHourglass.cs	cs-high-risk	high	queued
EZMicroBalanceCode/Ascension/Combat/AscensionCombatModifierService.BossSeals.AeonglassHourglass.Energy.cs	cs-high-risk	high	queued
EZMicroBalanceCode/Ascension/Combat/AscensionCombatModifierService.BossSeals.AeonglassHourglass.LaserEcho.cs	cs-high-risk	high	queued
EZMicroBalanceCode/Ascension/Combat/AscensionCombatModifierService.BossSeals.AeonglassHourglass.State.cs	cs-high-risk	high	queued
EZMicroBalanceCode/Ascension/Combat/AscensionCombatModifierService.BossSeals.BoilingCritical.cs	cs-high-risk	high	queued
EZMicroBalanceCode/Ascension/Combat/AscensionCombatModifierService.BossSeals.ChosenDecree.Cards.cs	cs-high-risk	high	queued
EZMicroBalanceCode/Ascension/Combat/AscensionCombatModifierService.BossSeals.ChosenDecree.cs	cs-high-risk	high	queued
EZMicroBalanceCode/Ascension/Combat/AscensionCombatModifierService.BossSeals.CombatStart.cs	cs-high-risk	high	queued
EZMicroBalanceCode/Ascension/Combat/AscensionCombatModifierService.BossSeals.cs	cs-high-risk	high	queued
EZMicroBalanceCode/Ascension/Combat/AscensionCombatModifierService.BossSeals.Events.cs	cs-high-risk	high	queued
EZMicroBalanceCode/Ascension/Combat/AscensionCombatModifierService.BossSeals.HolyDaze.cs	cs-high-risk	high	queued
EZMicroBalanceCode/Ascension/Combat/AscensionCombatModifierService.BossSeals.InkReturn.cs	cs-high-risk	high	queued
EZMicroBalanceCode/Ascension/Combat/AscensionCombatModifierService.BossSeals.MarginalNote.cs	cs-high-risk	high	queued
EZMicroBalanceCode/Ascension/Combat/AscensionCombatModifierService.BossSeals.MartyrOath.cs	cs-high-risk	high	queued
EZMicroBalanceCode/Ascension/Combat/AscensionCombatModifierService.BossSeals.MisalignedShell.cs	cs-high-risk	high	queued
EZMicroBalanceCode/Ascension/Combat/AscensionCombatModifierService.BossSeals.ResidualSample.cs	cs-high-risk	high	queued
EZMicroBalanceCode/Ascension/Combat/AscensionCombatModifierService.BossSeals.ResidualSample.Notice.cs	cs-high-risk	high	queued
EZMicroBalanceCode/Ascension/Combat/AscensionCombatModifierService.BossSeals.SoulTide.cs	cs-high-risk	high	queued
EZMicroBalanceCode/Ascension/Combat/AscensionCombatModifierService.BossSeals.StartledShell.cs	cs-high-risk	high	queued
EZMicroBalanceCode/Ascension/Combat/AscensionCombatModifierService.BossSeals.StruggleBait.cs	cs-high-risk	high	queued
EZMicroBalanceCode/Ascension/Combat/AscensionCombatModifierService.BossSeals.TurnFlow.cs	cs-high-risk	high	queued
EZMicroBalanceCode/Ascension/Combat/AscensionCombatModifierService.CardEvents.cs	cs-high-risk	high	queued
EZMicroBalanceCode/Ascension/Combat/AscensionCombatModifierService.CombatEvents.cs	cs-high-risk	high	queued
EZMicroBalanceCode/Ascension/Combat/AscensionCombatModifierService.CombatLifecycle.cs	cs-high-risk	high	queued
EZMicroBalanceCode/Ascension/Combat/AscensionCombatModifierService.Commands.cs	cs-high-risk	high	queued
EZMicroBalanceCode/Ascension/Combat/AscensionCombatModifierService.cs	cs-high-risk	high	queued
EZMicroBalanceCode/Ascension/Combat/AscensionCombatModifierService.Enemies.cs	cs-high-risk	high	queued
EZMicroBalanceCode/Ascension/Combat/AscensionCombatModifierService.Firemarks.ConstantHeal.cs	cs-high-risk	high	queued
EZMicroBalanceCode/Ascension/Combat/AscensionCombatModifierService.Firemarks.cs	cs-high-risk	high	queued
EZMicroBalanceCode/Ascension/Combat/AscensionCombatModifierService.Firemarks.ForgeArmor.cs	cs-high-risk	high	queued
EZMicroBalanceCode/Ascension/Combat/AscensionCombatModifierService.Firemarks.Giant.cs	cs-high-risk	high	queued
EZMicroBalanceCode/Ascension/Combat/AscensionCombatModifierService.Firemarks.Might.cs	cs-high-risk	high	queued
EZMicroBalanceCode/Ascension/Combat/AscensionCombatModifierService.Firemarks.Targeting.cs	cs-high-risk	high	queued
EZMicroBalanceCode/Ascension/Combat/AscensionCombatModifierService.Firemarks.TurnFlow.cs	cs-high-risk	high	queued
EZMicroBalanceCode/Ascension/Combat/AscensionCombatModifierService.TurnLifecycle.cs	cs-high-risk	high	queued
EZMicroBalanceCode/Ascension/Combat/AscensionCombatTracker.Banners.cs	cs-high-risk	high	queued
EZMicroBalanceCode/Ascension/Combat/AscensionCombatTracker.BossSeals.cs	cs-high-risk	high	queued
EZMicroBalanceCode/Ascension/Combat/AscensionCombatTracker.cs	cs-high-risk	high	queued
EZMicroBalanceCode/Ascension/Combat/AscensionCombatTracker.Firemarks.cs	cs-high-risk	high	queued
EZMicroBalanceCode/Ascension/Combat/RootBudCombatHook.CardFlow.cs	cs-high-risk	high	queued
EZMicroBalanceCode/Ascension/Combat/RootBudCombatHook.CombatEnd.cs	cs-high-risk	high	queued
EZMicroBalanceCode/Ascension/Combat/RootBudCombatHook.CombatEvents.cs	cs-high-risk	high	queued
EZMicroBalanceCode/Ascension/Combat/RootBudCombatHook.cs	cs-high-risk	high	queued
EZMicroBalanceCode/Ascension/Combat/RootBudCombatHook.Helpers.cs	cs-high-risk	high	queued
EZMicroBalanceCode/Ascension/Combat/RootBudCombatHook.Lifecycle.cs	cs-high-risk	high	queued
EZMicroBalanceCode/Ascension/Combat/RootBudCombatHook.RoomRules.cs	cs-high-risk	high	queued
EZMicroBalanceCode/Ascension/Core/AscensionSavedStateFields.cs	cs-high-risk	high	queued
EZMicroBalanceCode/Ascension/Core/MultiplayerDiagnostics.cs	cs-high-risk	high	queued
EZMicroBalanceCode/Ascension/Core/MultiplayerDiagnostics.JoinFlow.cs	cs-high-risk	high	queued
EZMicroBalanceCode/Ascension/Core/MultiplayerDiagnostics.Lobby.cs	cs-high-risk	high	queued
EZMicroBalanceCode/Ascension/Core/MultiplayerDiagnostics.RunState.cs	cs-high-risk	high	queued
EZMicroBalanceCode/Ascension/Core/MultiplayerDiagnostics.SaveQuit.cs	cs-high-risk	high	queued
EZMicroBalanceCode/Ascension/Core/MultiplayerFeaturePolicy.CoopGates.cs	cs-high-risk	high	queued
EZMicroBalanceCode/Ascension/Core/MultiplayerFeaturePolicy.cs	cs-high-risk	high	queued
EZMicroBalanceCode/Ascension/Map/A11MapGeometryProof.cs	cs-high-risk	high	queued
EZMicroBalanceCode/Ascension/Map/AscensionMapQuestMarker.cs	cs-high-risk	high	queued
EZMicroBalanceCode/Ascension/Map/AscensionMapService.A11Geometry.cs	cs-high-risk	high	queued
EZMicroBalanceCode/Ascension/Map/AscensionMapService.A11GeometryDiagnostics.cs	cs-high-risk	high	queued
EZMicroBalanceCode/Ascension/Map/AscensionMapService.A11InsertedColumnChoice.cs	cs-high-risk	high	queued
EZMicroBalanceCode/Ascension/Map/AscensionMapService.A11SerializableGraph.cs	cs-high-risk	high	queued
EZMicroBalanceCode/Ascension/Map/AscensionMapService.A11SerializableMutations.cs	cs-high-risk	high	queued
EZMicroBalanceCode/Ascension/Map/AscensionMapService.A11WidthAndRows.cs	cs-high-risk	high	queued
EZMicroBalanceCode/Ascension/Map/AscensionMapService.cs	cs-high-risk	high	queued
EZMicroBalanceCode/Ascension/Map/AscensionMapService.DeepBranches.cs	cs-high-risk	high	queued
EZMicroBalanceCode/Ascension/Map/AscensionMapService.DeepBranches.Existing.cs	cs-high-risk	high	queued
EZMicroBalanceCode/Ascension/Map/AscensionMapService.DeepBranches.Layout.cs	cs-high-risk	high	queued
EZMicroBalanceCode/Ascension/Map/AscensionMapService.DeepBranches.Planning.cs	cs-high-risk	high	queued
EZMicroBalanceCode/Ascension/Map/AscensionMapService.DeepBranches.RouteSafety.cs	cs-high-risk	high	queued
EZMicroBalanceCode/Ascension/Map/AscensionMapService.MapGraphHelpers.cs	cs-high-risk	high	queued
EZMicroBalanceCode/Ascension/Map/AscensionMapService.MarkerHelpers.cs	cs-high-risk	high	queued
EZMicroBalanceCode/Ascension/Map/AscensionMapService.MarkerOrdering.cs	cs-high-risk	high	queued
EZMicroBalanceCode/Ascension/Map/AscensionMapService.Markers.Banners.cs	cs-high-risk	high	queued
EZMicroBalanceCode/Ascension/Map/AscensionMapService.Markers.BossSeals.cs	cs-high-risk	high	queued
EZMicroBalanceCode/Ascension/Map/AscensionMapService.Markers.Diagnostics.cs	cs-high-risk	high	queued
EZMicroBalanceCode/Ascension/Map/AscensionMapService.Markers.Firemarks.cs	cs-high-risk	high	queued
EZMicroBalanceCode/Ascension/Map/AscensionMapService.MarkerSelection.cs	cs-high-risk	high	queued
EZMicroBalanceCode/Ascension/Map/BannerRoomMapQuestMarker.cs	cs-high-risk	high	queued
EZMicroBalanceCode/Ascension/Map/FiremarkedEliteMapQuestMarker.cs	cs-high-risk	high	queued
EZMicroBalanceCode/Ascension/Patches/AeonglassIntentPatches.cs	cs-high-risk	high	queued
EZMicroBalanceCode/Ascension/Patches/AscensionA20Patches.cs	cs-high-risk	high	queued
EZMicroBalanceCode/Ascension/Patches/AscensionA20RewardScreenPatches.cs	cs-high-risk	high	queued
EZMicroBalanceCode/Ascension/Patches/AscensionLocalizationBridge.cs	cs-high-risk	high	queued
EZMicroBalanceCode/Ascension/Patches/AscensionLocalizationTablePatches.cs	cs-high-risk	high	queued
EZMicroBalanceCode/Ascension/Patches/AscensionMapBannerHoverPatches.cs	cs-high-risk	high	queued
EZMicroBalanceCode/Ascension/Patches/AscensionMapBossSealHoverPatches.cs	cs-high-risk	high	queued
EZMicroBalanceCode/Ascension/Patches/AscensionMapDeepBranchHoverPatches.cs	cs-high-risk	high	queued
EZMicroBalanceCode/Ascension/Patches/AscensionMapFiremarkHoverPatches.cs	cs-high-risk	high	queued
EZMicroBalanceCode/Ascension/Patches/AscensionMapGenerationPatches.cs	cs-high-risk	high	queued
EZMicroBalanceCode/Ascension/Patches/AscensionMapIconPatches.cs	cs-high-risk	high	queued
EZMicroBalanceCode/Ascension/Patches/AscensionSelectionPatches.cs	cs-high-risk	high	queued
EZMicroBalanceCode/Ascension/Patches/AscensionSelectionRunStartPatches.cs	cs-high-risk	high	queued
EZMicroBalanceCode/Ascension/Patches/CombatHandInputSafetyPatches.cs	cs-high-risk	high	queued
EZMicroBalanceCode/Ascension/Patches/EnemyDamagePolishPatches.cs	cs-high-risk	high	queued
EZMicroBalanceCode/Ascension/Patches/RootRunHook.cs	cs-high-risk	high	queued
EZMicroBalanceCode/Ascension/Rewards/AscensionRewardService.CardOptions.cs	cs-high-risk	high	queued
EZMicroBalanceCode/Ascension/Rewards/AscensionRewardService.cs	cs-high-risk	high	queued
EZMicroBalanceCode/Ascension/Rewards/AscensionRewardService.Fission.cs	cs-high-risk	high	queued
EZMicroBalanceCode/Ascension/Rewards/AscensionRewardService.RoomRewards.cs	cs-high-risk	high	queued
EZMicroBalanceCode/Ascension/Rewards/RootDeckService.CombatLifecycle.cs	cs-high-risk	high	queued
EZMicroBalanceCode/Map/SpirePlusMapPointHoverComposer.cs	cs-high-risk	high	queued
EZMicroBalanceCode/Preview/CrystalSpherePeekPatch.cs	cs-high-risk	high	queued
EZMicroBalanceCode/Preview/CrystalSpherePeekState.cs	cs-high-risk	high	queued
EZMicroBalanceCode/Preview/TransformPredictionEventRngSourcePatches.cs	cs-high-risk	high	queued
EZMicroBalanceCode/Preview/TransformPredictionNicheRngSourcePatches.cs	cs-high-risk	high	queued
EZMicroBalanceCode/Preview/TransformPredictionRngContext.cs	cs-high-risk	high	queued
EZMicroBalanceCode/Preview/TransformPredictionSelectionLifetimePatch.cs	cs-high-risk	high	queued
EZMicroBalanceCode/Preview/TransformPredictionService.cs	cs-high-risk	high	queued
EZMicroBalanceCode/Preview/TransformPreviewCyclePatch.Display.cs	cs-high-risk	high	queued
EZMicroBalanceCode/Preview/TransformPreviewPatch.cs	cs-high-risk	high	queued
.editorconfig	config	low	queued
.gitattributes	config	low	queued
.gitignore	config	low	queued
AGENTS.md	config	low	queued
BUGFIX_NOTES.md	config	low	queued
BUGFIX_REPORT.md	config	low	queued
Directory.Build.props.example	config	low	queued
export_presets.cfg	config	low	queued
EZMicroBalance.csproj	config	low	queued
EZMicroBalance.json	config	low	queued
EZMicroBalance.sln	config	low	queued
EZMicroBalance.sln.DotSettings	config	low	queued
EZMicroBalanceCode/.gdignore	config	low	queued
EZMicroBalanceCode/Ancients/Rebalance/README.md	config	low	queued
EZMicroBalanceCode/Ascension/Save/README.md	config	low	queued
EZMicroBalanceCode/Ascension/Ui/README.md	config	low	queued
EZMicroBalanceCode/Core/Integrations/RitsuLib/README.md	config	low	queued
EZMicroBalanceCode/README.md	config	low	queued
project.godot	config	low	queued
PROJECT_STATE.md	config	low	queued
README.md	config	low	queued
Sts2PathDiscovery.props	config	low	queued
tests/EZMicroBalance.Tests/EZMicroBalance.Tests.csproj	config	low	queued
tests/EZMicroBalance.Tests/README.md	config	low	queued
docs/.gdignore	docs	low	queued
docs/adr/0000-template.md	docs	low	queued
docs/architecture/bounded-contexts.md	docs	low	queued
docs/architecture/patch-boundaries.md	docs	low	queued
docs/architecture/save-state-contracts.md	docs	low	queued
docs/architecture-ez-micro-balance.md	docs	low	queued
docs/archive/feature-audits/ancient-expansion-v2.2/2026-05-13/implementation-gap-matrix.md	docs	low	queued
docs/archive/feature-audits/ancient-expansion-v2.2/2026-05-13/manual-test-master-matrix.md	docs	low	queued
docs/archive/feature-audits/ancient-expansion-v2.2/2026-05-13/multiplayer-risk-matrix.md	docs	low	queued
docs/archive/feature-audits/ancient-expansion-v2.2/2026-05-13/next-implementation-goals.md	docs	low	queued
docs/archive/feature-audits/ancient-expansion-v2.2/2026-05-13/overnight-source-audit.md	docs	low	queued
docs/archive/feature-audits/ancient-expansion-v2.2/2026-05-13/README.md	docs	low	queued
docs/archive/feature-audits/ancient-expansion-v2.2/2026-05-13/save-load-risk-matrix.md	docs	low	queued
docs/archive/feature-audits/ancient-expansion-v2.2/2026-05-13/source-api-map.md	docs	low	queued
docs/archive/feature-audits/ancient-expansion-v2.2/2026-05-13/windows-mac-platform-risk-matrix.md	docs	low	queued
docs/archive/feature-audits/architecture-clean-code-management-audit-2026-05-19.md	docs	low	queued
docs/archive/feature-audits/review-2026-05-23-pre-compact.md	docs	low	queued
docs/archive/feature-audits/review-2026-05-24-sere-talon-pre-compact.md	docs	low	queued
docs/archive/feature-audits/review-2026-05-26-beta54-pass-history.md	docs	low	queued
docs/archive/feature-audits/review-pre-slim-20260518.md	docs	low	queued
docs/archive/feature-audits/toreview-pre-slim-20260518.md	docs	low	queued
docs/archive/feature-inputs/ancients-rework-v4/goal-prompts.md	docs	low	queued
docs/archive/feature-inputs/ancients-rework-v4/source-design-mojibake-pre-slim-20260518.md	docs	low	queued
docs/archive/feature-inputs/ancients-rework-v4/sts2_ancients_rework_v4_2_next_plan.md	docs	low	queued
docs/archive/feature-inputs/ascension-11-20/codex-goal-prompt.md	docs	low	queued
docs/archive/feature-inputs/ascension-11-20/current-issue-implementation-spec.md	docs	low	queued
docs/archive/feature-inputs/ascension-11-20/development-checklist-v2-full-20260518.md	docs	low	queued
docs/archive/feature-inputs/future-peek-current-summary-20260526.md	docs	low	queued
docs/archive/feature-inputs/future-peek-goal-20260526.md	docs	low	queued
docs/archive/feature-inputs/goal-architecture-refactor-mojibake-intake-20260526.md	docs	low	queued
docs/archive/feature-inputs/goal-coop-preview-plan-20260525.md	docs	low	queued
docs/archive/feature-inputs/goal-md-mojibake-intake-20260523.md	docs	low	queued
docs/archive/feature-inputs/goal-preview-plan-intake-20260526.md	docs	low	queued
docs/archive/feature-inputs/implement-a19-a20-boss-ability-mojibake-intake-20260526.md	docs	low	queued
docs/archive/feature-inputs/README.md	docs	low	queued
docs/archive/feature-inputs/ritsulib-migration-mojibake-intake-20260526.md	docs	low	queued
docs/archive/feature-work-logs/ancient-expansion-v2.2/work-log-20260517-pre-cleanup.md	docs	low	queued
docs/archive/feature-work-logs/ancients-rework-v4/work-log-20260518-pre-slim.md	docs	low	queued
docs/archive/feature-work-logs/ascension-11-20/work-log-20260518-pre-slim.md	docs	low	queued
docs/archive/implementation-records/2026-05-13-ancient-player-facing-polish-final.md	docs	low	queued
docs/archive/implementation-records/2026-05-13-lotha-full-corrective-final.md	docs	low	queued
docs/archive/implementation-records/2026-05-13-morvi-full-implementation-final.md	docs	low	queued
docs/archive/implementation-records/2026-05-13-spire-plus-source-test-ready-pass.md	docs	low	queued
docs/archive/implementation-records/2026-05-13-urda-full-implementation-final.md	docs	low	queued
docs/archive/implementation-records/2026-05-13-urda-v22-ten-blessing-completion.md	docs	low	queued
docs/archive/implementation-records/2026-05-13-vakuu-temptation-implementation-final.md	docs	low	queued
docs/archive/implementation-records/2026-05-14-a11-map-geometry-source-hardening-final.md	docs	low	queued
docs/archive/implementation-records/2026-05-14-ancient-art-pipeline-final.md	docs	low	queued
docs/archive/implementation-records/2026-05-14-ancient-player-facing-polish-and-art-readiness-final.md	docs	low	queued
docs/archive/implementation-records/2026-05-14-ancient-state-mirror-coverage-final.md	docs	low	queued
docs/archive/implementation-records/2026-05-14-ancient-ui-art-resource-routing-hardening-final.md	docs	low	queued
docs/archive/implementation-records/2026-05-14-ancient-ui-click-hardening-final.md	docs	low	queued
docs/archive/implementation-records/2026-05-14-ancient-ui-evidence-helper-final.md	docs	low	queued
docs/archive/implementation-records/2026-05-14-artifact-hash-sync-final.md	docs	low	queued
docs/archive/implementation-records/2026-05-14-ascension-rootblight-source-proof-final.md	docs	low	queued
docs/archive/implementation-records/2026-05-14-current-package-smoke-log-final.md	docs	low	queued
docs/archive/implementation-records/2026-05-14-current-package-smoke-log-resource-verification.md	docs	low	queued
docs/archive/implementation-records/2026-05-14-followup-residual-risk-closure-final.md	docs	low	queued
docs/archive/implementation-records/2026-05-14-lotha-power-hand-order-bugfix-final.md	docs	low	queued
docs/archive/implementation-records/2026-05-14-lotha-power-tooltip-art-polish-final.md	docs	low	queued
docs/archive/implementation-records/2026-05-14-morvi-reward-state-lifecycle-hardening-final.md	docs	low	queued
docs/archive/implementation-records/2026-05-14-next-test-ready-implementation-final.md	docs	low	queued
docs/archive/implementation-records/2026-05-14-public-evidence-debuff-policy-final.md	docs	low	queued
docs/archive/implementation-records/2026-05-14-rootblight-v22-state-hardening-final.md	docs	low	queued
docs/archive/implementation-records/2026-05-14-save-risk-and-status-consistency-final.md	docs	low	queued
docs/archive/implementation-records/2026-05-14-source-redteam-hardening-final.md	docs	low	queued
docs/archive/implementation-records/2026-05-14-vakuu-lotha-save-risk-reduction-final.md	docs	low	queued
docs/archive/implementation-records/2026-05-15-current-package-verification-note.md	docs	low	queued
docs/archive/implementation-records/2026-05-17-issues-before-test-ready-review-loop.md	docs	low	queued
docs/archive/implementation-records/dev-environment-runtime-smoke-history-20260526.md	docs	low	queued
docs/archive/implementation-records/external-codex-last-message-lotha-corrective.md	docs	low	queued
docs/archive/implementation-records/external-codex-progress.md	docs	low	queued
docs/archive/implementation-records/forum-public-integration-qa-20260526.md	docs	low	queued
docs/archive/implementation-records/rc1-live-validation-log-20260508-20260513.md	docs	low	queued
docs/archive/implementation-records/website-localization-qa-20260522.md	docs	low	queued
docs/archive/issues/waiting-tests-pre-slim-20260518.md	docs	low	queued
docs/archive/issues-archive.md	docs	low	queued
docs/archive/legacy-planning/docs/_future/new-character/boss-character-concepts-v2.md	docs	low	queued
docs/archive/legacy-planning/docs/_future/new-character/boss-character-design-knowledgebase.md	docs	low	queued
docs/archive/legacy-planning/docs/_future/new-character/ceremonial-beast-character-draft.md	docs	low	queued
docs/archive/legacy-planning/docs/_future/new-character/ceremonial-beast-v3-bell-crowned-design.md	docs	low	queued
docs/archive/legacy-planning/docs/_future/new-character/downfall-character-reference.md	docs	low	queued
docs/archive/legacy-planning/docs/_future/planning/design-operating-brief.md	docs	low	queued
docs/archive/legacy-planning/docs/ANCIENT_REWARD_API_RESEARCH_NOTES.md	docs	low	queued
docs/archive/legacy-planning/docs/ANCIENT_REWARD_BALANCE_MAP.md	docs	low	queued
docs/archive/legacy-planning/docs/ANCIENT_REWARD_NOOP_PROBE_SPEC.md	docs	low	queued
docs/archive/legacy-planning/docs/ANCIENT_REWARD_RESEARCH_PLAN.md	docs	low	queued
docs/archive/legacy-planning/docs/ANCIENT_REWARD_SPEC_v0.104.md	docs	low	queued
docs/archive/legacy-planning/docs/ASCENSION_11_30_ROADMAP.md	docs	low	queued
docs/archive/legacy-planning/docs/NEW_CHARACTER_ROADMAP.md	docs	low	queued
docs/archive/legacy-planning/legacy-project-files/.gdignore	docs	low	queued
docs/archive/legacy-planning/legacy-project-files/EzDailyContent/EzDailyContent.csproj.legacy.xml	docs	low	queued
docs/archive/legacy-planning/legacy-project-files/README.md	docs	low	queued
docs/archive/project-state-history-20260516.md	docs	low	queued
docs/archive/prompts/2026-05/codex-ancient-expansion-v22-next-development-prompt.md	docs	low	queued
docs/archive/prompts/2026-05/codex-overnight-v22-source-audit-prompt.md	docs	low	queued
docs/archive/prompts/2026-05/codex-repo-overhaul-refactor-prompt.md	docs	low	queued
docs/archive/prompts/2026-05/codex-urda-overnight-prompt.md	docs	low	queued
docs/archive/prompts/2026-05/issues-urda-overnight-addendum.md	docs	low	queued
docs/archive/README.md	docs	low	queued
docs/archive/superseded/first-feature-backlog.md	docs	low	queued
docs/archive/superseded/setup-spec-original-scaffold.md	docs	low	queued
docs/audits/v0.106-source-api-drift.md	docs	low	queued
docs/BETA_COMPATIBILITY.md	docs	low	queued
docs/codex-harness/PROMPTS.md	docs	low	queued
docs/codex-harness/README.md	docs	low	queued
docs/codex-harness/templates/ERROR_LEDGER.md	docs	low	queued
docs/codex-harness/templates/TASK_FOCUS_PACK.md	docs	low	queued
docs/codex-harness/templates/TASK_RESULT.md	docs	low	queued
docs/codex-harness/templates/TASK_STATUS.md	docs	low	queued
docs/codex-workflow.md	docs	low	queued
docs/dev-environment.md	docs	low	queued
docs/doc-inventory.md	docs	low	queued
docs/features/ancient-expansion-urda/api-research.md	docs	low	queued
docs/features/ancient-expansion-urda/implementation-plan.md	docs	low	queued
docs/features/ancient-expansion-urda/manual-test-checklist.md	docs	low	queued
docs/features/ancient-expansion-urda/README.md	docs	low	queued
docs/features/ancient-expansion-urda/source-design.md	docs	low	queued
docs/features/ancient-expansion-urda/work-log.md	docs	low	queued
docs/features/ancient-expansion-v2.2/api-research.md	docs	low	queued
docs/features/ancient-expansion-v2.2/art-asset-manifest.json	docs	low	queued
docs/features/ancient-expansion-v2.2/art-direction.md	docs	low	queued
docs/features/ancient-expansion-v2.2/art-generation-prompts.md	docs	low	queued
docs/features/ancient-expansion-v2.2/art-testing-integration-plan.md	docs	low	queued
docs/features/ancient-expansion-v2.2/card-and-power-safety-rules.md	docs	low	queued
docs/features/ancient-expansion-v2.2/implementation-plan.md	docs	low	queued
docs/features/ancient-expansion-v2.2/manual-test-checklist.md	docs	low	queued
docs/features/ancient-expansion-v2.2/milestone-roadmap.md	docs	low	queued
docs/features/ancient-expansion-v2.2/README.md	docs	low	queued
docs/features/ancient-expansion-v2.2/risk-register.md	docs	low	queued
docs/features/ancient-expansion-v2.2/source-design.md	docs	low	queued
docs/features/ancient-expansion-v2.2/work-log.md	docs	low	queued
docs/features/ancients-rework-v4/api-discovery.md	docs	low	queued
docs/features/ancients-rework-v4/completion-audit.md	docs	low	queued
docs/features/ancients-rework-v4/external-references.md	docs	low	queued
docs/features/ancients-rework-v4/high-risk-review.md	docs	low	queued
docs/features/ancients-rework-v4/implementation-plan.md	docs	low	queued
docs/features/ancients-rework-v4/localization-validation.md	docs	low	queued
docs/features/ancients-rework-v4/manual-test-checklist.md	docs	low	queued
docs/features/ancients-rework-v4/manual-verification-matrix.md	docs	low	queued
docs/features/ancients-rework-v4/README.md	docs	low	queued
docs/features/ancients-rework-v4/reference-inputs/sts2_ancients_rework_v4_3_adjustment_plan.md	docs	low	queued
docs/features/ancients-rework-v4/source-design.md	docs	low	queued
docs/features/ancients-rework-v4/work-log.md	docs	low	queued
docs/features/ascension-11-20/api-research.md	docs	low	queued
docs/features/ascension-11-20/development-checklist-v2.md	docs	low	queued
docs/features/ascension-11-20/implementation-plan.md	docs	low	queued
docs/features/ascension-11-20/localization-review-notes.md	docs	low	queued
docs/features/ascension-11-20/manual-test-checklist.md	docs	low	queued
docs/features/ascension-11-20/multiplayer-test-runbook.md	docs	low	queued
docs/features/ascension-11-20/player-facing-modifier-guide.md	docs	low	queued
docs/features/ascension-11-20/README.md	docs	low	queued
docs/features/ascension-11-20/source-design.md	docs	low	queued
docs/features/ascension-11-20/work-log.md	docs	low	queued
docs/features/forum/go-live-checklist.md	docs	low	queued
docs/features/forum/technical-spec.md	docs	low	queued
docs/features/future-peek/goal.md	docs	low	queued
docs/features/preview-tools/README.md	docs	low	queued
docs/features/README.md	docs	low	queued
docs/git-commit-push-policy.md	docs	low	queued
docs/goal.md	docs	low	queued
docs/integrations/ritsulib.md	docs	low	queued
docs/intro.zh.md	docs	low	queued
docs/issues.md	docs	low	queued
docs/issues/ancient-expansion-v2.2.md	docs	low	queued
docs/issues/urda.md	docs	low	queued
docs/issues/v3.3-design-review.md	docs	low	queued
docs/issues/waiting-tests.md	docs	low	queued
docs/migration.md	docs	low	queued
docs/mod-changelog.md	docs	low	queued
docs/month-plan/baseline-2026-05-20.md	docs	low	queued
docs/month-plan/commit-boundaries.md	docs	low	queued
docs/patch-inventory.md	docs	low	queued
docs/platform-testing.md	docs	low	queued
docs/private-beta-release-completion-audit.md	docs	low	queued
docs/private-beta-verification-handoff.md	docs	low	queued
docs/PROJECT_MAP.md	docs	low	queued
docs/README.md	docs	low	queued
docs/refactor-map.md	docs	low	queued
docs/release-checklist.md	docs	low	queued
docs/release-evidence-status.md	docs	low	queued
docs/REMOTE_DEVELOPMENT_SETUP.md	docs	low	queued
docs/restructure.md	docs	low	queued
docs/review.md	docs	low	queued
docs/reviews/red-team-goal-implementation-pass-1.md	docs	low	queued
docs/skills/sts2-godot-mod-development.md	docs	low	queued
docs/source-research/multiplayer-save-rng.md	docs	low	queued
docs/source-research/run-room-event-reward.md	docs	low	queued
docs/specs/release-scope-v1.md	docs	low	queued
docs/specs/release-traceability-matrix.md	docs	low	queued
docs/specs/website-claim-audit.md	docs	low	queued
docs/style/card-localization-style-guide.md	docs	low	queued
docs/test-plan.md	docs	low	queued
docs/test-ready-completion-audit.md	docs	low	queued
docs/test-ready-development-goal.md	docs	low	queued
docs/toreview.md	docs	low	queued
docs/worktree-cleanup-audit.md	docs	low	queued
website/app.js	website	low	queued
website/assets/ancients/lotha/ezmb_lotha_map_icon.png	website	low	queued
website/assets/ancients/lotha/options/lotha_closed_court.png	website	low	queued
website/assets/ancients/lotha/options/lotha_death_reprieve.png	website	low	queued
website/assets/ancients/lotha/options/lotha_deferred_verdict.png	website	low	queued
website/assets/ancients/lotha/options/lotha_mirror_hall_echo.png	website	low	queued
website/assets/ancients/lotha/options/lotha_mirror_rebuttal.png	website	low	queued
website/assets/ancients/lotha/options/lotha_presumption.png	website	low	queued
website/assets/ancients/lotha/options/lotha_public_evidence.png	website	low	queued
website/assets/ancients/lotha/options/lotha_single_sentence.png	website	low	queued
website/assets/ancients/morvi/ezmb_morvi_map_icon.png	website	low	queued
website/assets/ancients/morvi/options/morvi_blueprint_proof.png	website	low	queued
website/assets/ancients/morvi/options/morvi_debt_settlement.png	website	low	queued
website/assets/ancients/morvi/options/morvi_forbidden_loan.png	website	low	queued
website/assets/ancients/morvi/options/morvi_misprint_press.png	website	low	queued
website/assets/ancients/morvi/options/morvi_open_book_exam.png	website	low	queued
website/assets/ancients/morvi/options/morvi_overdue_library.png	website	low	queued
website/assets/ancients/morvi/options/morvi_paperstorm.png	website	low	queued
website/assets/ancients/morvi/options/morvi_red_ink_overdraft.png	website	low	queued
website/assets/ancients/urda/ezmb_urda_map_icon.png	website	low	queued
website/assets/ancients/urda/options/urda_after_rain.png	website	low	queued
website/assets/ancients/urda/options/urda_elite_root.png	website	low	queued
website/assets/ancients/urda/options/urda_humus_pact.png	website	low	queued
website/assets/ancients/urda/options/urda_molting.png	website	low	queued
website/assets/ancients/urda/options/urda_moss_map.png	website	low	queued
website/assets/ancients/urda/options/urda_root_sight.png	website	low	queued
website/assets/ancients/urda/options/urda_rooted_route.png	website	low	queued
website/assets/ancients/urda/options/urda_seed_bank.png	website	low	queued
website/assets/ancients/urda/options/urda_seedbed.png	website	low	queued
website/assets/ancients/urda/options/urda_shallow_root_relic.png	website	low	queued
website/assets/ancients/urda/options/urda_trial_branch.png	website	low	queued
website/assets/ancients/vakuu/options/vakuu_fight.png	website	low	queued
website/assets/ascension/banner_bounty_indicator.png	website	low	queued
website/assets/ascension/banner_room_indicator.png	website	low	queued
website/assets/ascension/banner_shield_formation_indicator.png	website	low	queued
website/assets/ascension/banner_vanguard_indicator.png	website	low	queued
website/assets/ascension/boss_seal_indicator.png	website	low	queued
website/assets/ascension/boss_seals/aeonglass_hourglass.png	website	low	queued
website/assets/ascension/boss_seals/boiling_critical.png	website	low	queued
website/assets/ascension/boss_seals/chosen_decree.png	website	low	queued
website/assets/ascension/boss_seals/holy_daze.png	website	low	queued
website/assets/ascension/boss_seals/ink_return.png	website	low	queued
website/assets/ascension/boss_seals/marginal_note.png	website	low	queued
website/assets/ascension/boss_seals/martyr_oath.png	website	low	queued
website/assets/ascension/boss_seals/misaligned_shell.png	website	low	queued
website/assets/ascension/boss_seals/residual_sample.png	website	low	queued
website/assets/ascension/boss_seals/soul_tide.png	website	low	queued
website/assets/ascension/boss_seals/startled_shell.png	website	low	queued
website/assets/ascension/boss_seals/struggle_bait.png	website	low	queued
website/assets/ascension/firemark_constant_heal_indicator.png	website	low	queued
website/assets/ascension/firemark_forge_armor_indicator.png	website	low	queued
website/assets/ascension/firemark_giant_indicator.png	website	low	queued
website/assets/ascension/firemark_might_indicator.png	website	low	queued
website/assets/ascension/firemarked_elite_indicator.png	website	low	queued
website/assets/ascension/fission_enchantment_icon.png	website	low	queued
website/assets/ascension/forge_token_status.png	website	low	queued
website/assets/card_portraits/blight_sprout.png	website	low	queued
website/assets/card_portraits/card.png	website	low	queued
website/assets/card_portraits/morvi_archive_pages.png	website	low	queued
website/assets/card_portraits/morvi_red_ink_overdraft.png	website	low	queued
website/assets/card_portraits/morvi_waste_paper.png	website	low	queued
website/assets/card_portraits/rootblight_i.png	website	low	queued
website/assets/card_portraits/rootblight_ii.png	website	low	queued
website/assets/card_portraits/rootblight_iii.png	website	low	queued
website/assets/card_portraits/urda_seedling.png	website	low	queued
website/assets/card_portraits/vakuu_temptation.png	website	low	queued
website/assets/card_portraits/withered_husk.png	website	low	queued
website/assets/events/ezmb_lotha.png	website	low	queued
website/assets/events/ezmb_morvi.png	website	low	queued
website/assets/events/ezmb_urda.png	website	low	queued
website/assets/localization/eng/ancients.json	website	low	queued
website/assets/localization/eng/ascension.json	website	low	queued
website/assets/localization/eng/card_keywords.json	website	low	queued
website/assets/localization/eng/cards.json	website	low	queued
website/assets/localization/eng/powers.json	website	low	queued
website/assets/localization/eng/relics.json	website	low	queued
website/assets/localization/zhs/ancients.json	website	low	queued
website/assets/localization/zhs/ascension.json	website	low	queued
website/assets/localization/zhs/card_keywords.json	website	low	queued
website/assets/localization/zhs/cards.json	website	low	queued
website/assets/localization/zhs/powers.json	website	low	queued
website/assets/localization/zhs/relics.json	website	low	queued
website/assets/monsters/vakuu_trial.png	website	low	queued
website/assets/powers/lotha_death_reprieve.png	website	low	queued
website/assets/powers/lotha_enlightenment.png	website	low	queued
website/assets/powers/lotha_presumption.png	website	low	queued
website/assets/powers/lotha_single_sentence.png	website	low	queued
website/assets/powers/lotha_verdict.png	website	low	queued
website/assets/powers/morvi_archive_page.png	website	low	queued
website/assets/powers/morvi_debt.png	website	low	queued
website/assets/powers/morvi_open_book.png	website	low	queued
website/assets/powers/morvi_overdraft.png	website	low	queued
website/assets/powers/morvi_paperstorm.png	website	low	queued
website/assets/powers/morvi_proofread.png	website	low	queued
website/assets/powers/power.png	website	low	queued
website/assets/powers/vakuu_blood_debt.png	website	low	queued
website/assets/powers/vakuu_stolen_vault.png	website	low	queued
website/assets/previews/crystal_sphere_peek.png	website	low	queued
website/assets/relics/relic.png	website	low	queued
website/assets/source-art/card_portraits/curse/enthralled.png	website	low	queued
website/assets/source-art/card_portraits/curse/folly.png	website	low	queued
website/assets/source-art/card_portraits/event/brightest_flame.png	website	low	queued
website/assets/source-art/events/crystal_sphere/big_divination_icon.png	website	low	queued
website/assets/source-art/events/crystal_sphere/small_divination_icon.png	website	low	queued
website/assets/source-art/relics/beautiful_bracelet.png	website	low	queued
website/assets/source-art/relics/black_star.png	website	low	queued
website/assets/source-art/relics/blood_soaked_rose.png	website	low	queued
website/assets/source-art/relics/brilliant_scarf.png	website	low	queued
website/assets/source-art/relics/choices_paradox.png	website	low	queued
website/assets/source-art/relics/claws.png	website	low	queued
website/assets/source-art/relics/crossbow.png	website	low	queued
website/assets/source-art/relics/distinguished_cape.png	website	low	queued
website/assets/source-art/relics/ectoplasm.png	website	low	queued
website/assets/source-art/relics/fiddle.png	website	low	queued
website/assets/source-art/relics/iron_club.png	website	low	queued
website/assets/source-art/relics/jeweled_mask.png	website	low	queued
website/assets/source-art/relics/jewelry_box.png	website	low	queued
website/assets/source-art/relics/meat_cleaver.png	website	low	queued
website/assets/source-art/relics/music_box.png	website	low	queued
website/assets/source-art/relics/paels_horn.png	website	low	queued
website/assets/source-art/relics/paels_tooth.png	website	low	queued
website/assets/source-art/relics/preserved_fog.png	website	low	queued
website/assets/source-art/relics/prismatic_gem.png	website	low	queued
website/assets/source-art/relics/seal_of_gold.png	website	low	queued
website/assets/source-art/relics/sere_talon.png	website	low	queued
website/assets/source-art/relics/sozu.png	website	low	queued
website/assets/source-art/relics/toasty_mittens.png	website	low	queued
website/assets/source-art/relics/velvet_choker.png	website	low	queued
website/assets/source-art/relics/war_hammer.png	website	low	queued
website/assets/source-art/relics/whispering_earring.png	website	low	queued
website/assets/vanilla-icons/curse-card.svg	website	low	queued
website/assets/vanilla-icons/event-card.svg	website	low	queued
website/assets/vanilla-icons/relic.svg	website	low	queued
website/content-data.js	website	low	queued
website/index.html	website	low	queued
website/missing-art.md	website	low	queued
website/README.md	website	low	queued
website/styles.css	website	low	queued
website/web_issue.md	website	low	queued
forum/.env.example	forum	low	queued
forum/.gitignore	forum	low	queued
forum/index.html	forum	low	queued
forum/package.json	forum	low	queued
forum/package-lock.json	forum	low	queued
forum/public/assets/index-BhStG2lr.js	forum	low	queued
forum/public/assets/index-Bl0NLLnu.js	forum	low	queued
forum/public/assets/index-BooZ1VlJ.js	forum	low	queued
forum/public/assets/index-CiKFE3yG.css	forum	low	queued
forum/README.md	forum	low	queued
forum/src/client/App.tsx	forum	low	queued
forum/src/client/main.tsx	forum	low	queued
forum/src/client/styles.css	forum	low	queued
forum/src/client/supabase.ts	forum	low	queued
forum/src/client/types.ts	forum	low	queued
forum/supabase/schema.sql	forum	low	queued
forum/tests/build-config.test.mjs	forum	low	queued
forum/tests/live-smoke.mjs	forum	low	queued
forum/tests/post-page-error-handling.test.mjs	forum	low	queued
forum/tests/schema.test.mjs	forum	low	queued
forum/tsconfig.json	forum	low	queued
forum/vite.config.ts	forum	low	queued
harness/ERROR_LEDGER.md	harness	low	queued
harness/README.md	harness	low	queued
harness/TASK_FOCUS_PACK.md	harness	low	queued
harness/TASK_RESULT.md	harness	low	queued
harness/TASK_STATUS.md	harness	low	queued
output/.gdignore	output	low	queued
output/playwright/forum-detail-mobile-v1.png	output	low	queued
output/playwright/forum-detail-v1.png	output	low	queued
output/playwright/forum-home-v1.png	output	low	queued
output/playwright/forum-new-v1.png	output	low	queued
output/playwright/forum-seed-post-id.txt	output	low	queued
output/playwright/forum-server.log	output	low	queued
output/playwright/spire-plus-a20-details-local.png	output	low	queued
output/playwright/spire-plus-a20-details-local.png.import	output	low	queued
output/playwright/spire-plus-a20-details-pages.png	output	low	queued
output/playwright/spire-plus-a20-details-pages.png.import	output	low	queued
output/playwright/spire-plus-author-rongbing-en.png	output	low	queued
output/playwright/spire-plus-author-rongbing-en.png.import	output	low	queued
output/playwright/spire-plus-author-rongbing-zh.png	output	low	queued
output/playwright/spire-plus-author-rongbing-zh.png.import	output	low	queued
output/playwright/spire-plus-card-portraits-local.har	output	low	queued
output/playwright/spire-plus-card-portraits-local.png	output	low	queued
output/playwright/spire-plus-card-portraits-local.png.import	output	low	queued
output/playwright/spire-plus-copy-tone-local.png	output	low	queued
output/playwright/spire-plus-copy-tone-local.png.import	output	low	queued
output/playwright/spire-plus-copy-tone-pages.png	output	low	queued
output/playwright/spire-plus-copy-tone-pages.png.import	output	low	queued
output/playwright/spire-plus-en-updates-v1.png	output	low	queued
output/playwright/spire-plus-en-updates-v1.png.import	output	low	queued
output/playwright/spire-plus-filter-enthralled-v1.png	output	low	queued
output/playwright/spire-plus-filter-enthralled-v1.png.import	output	low	queued
output/playwright/spire-plus-install-release-v1.png	output	low	queued
output/playwright/spire-plus-install-release-v1.png.import	output	low	queued
output/playwright/spire-plus-local-source-relic-icons.har	output	low	queued
output/playwright/spire-plus-local-source-relic-icons.png	output	low	queued
output/playwright/spire-plus-local-source-relic-icons.png.import	output	low	queued
output/playwright/spire-plus-online-approved-relic-icons.har	output	low	queued
output/playwright/spire-plus-online-approved-relic-icons.png	output	low	queued
output/playwright/spire-plus-online-approved-relic-icons.png.import	output	low	queued
output/playwright/spire-plus-online-author-rongbing-en.png	output	low	queued
output/playwright/spire-plus-online-author-rongbing-en.png.import	output	low	queued
output/playwright/spire-plus-online-author-rongbing-zh.png	output	low	queued
output/playwright/spire-plus-online-author-rongbing-zh.png.import	output	low	queued
output/playwright/spire-plus-online-card-portraits.har	output	low	queued
output/playwright/spire-plus-online-card-portraits.png	output	low	queued
output/playwright/spire-plus-online-card-portraits.png.import	output	low	queued
output/playwright/spire-plus-online-en-db24a99.png	output	low	queued
output/playwright/spire-plus-online-en-db24a99.png.import	output	low	queued
output/playwright/spire-plus-online-install-db24a99.png	output	low	queued
output/playwright/spire-plus-online-install-db24a99.png.import	output	low	queued
output/playwright/spire-plus-online-redraw-icons.har	output	low	queued
output/playwright/spire-plus-online-redraw-icons.png	output	low	queued
output/playwright/spire-plus-online-redraw-icons.png.import	output	low	queued
output/playwright/spire-plus-online-source-art.har	output	low	queued
output/playwright/spire-plus-online-source-art.png	output	low	queued
output/playwright/spire-plus-online-source-art.png.import	output	low	queued
output/playwright/spire-plus-online-updates-db24a99.png	output	low	queued
output/playwright/spire-plus-online-updates-db24a99.png.import	output	low	queued
output/playwright/spire-plus-published-relic-icons.har	output	low	queued
output/playwright/spire-plus-published-relic-icons.png	output	low	queued
output/playwright/spire-plus-published-relic-icons.png.import	output	low	queued
output/playwright/spire-plus-redraw-icons.har	output	low	queued
output/playwright/spire-plus-redraw-icons-en.har	output	low	queued
output/playwright/spire-plus-redraw-icons-en.png	output	low	queued
output/playwright/spire-plus-redraw-icons-en.png.import	output	low	queued
output/playwright/spire-plus-redraw-icons-zh.png	output	low	queued
output/playwright/spire-plus-redraw-icons-zh.png.import	output	low	queued
output/playwright/spire-plus-source-art-local.har	output	low	queued
output/playwright/spire-plus-source-art-local.png	output	low	queued
output/playwright/spire-plus-source-art-local.png.import	output	low	queued
output/playwright/spire-plus-source-art-placeholders-pages.png	output	low	queued
output/playwright/spire-plus-source-art-placeholders-pages.png.import	output	low	queued
output/playwright/spire-plus-updates-icons-v1.png	output	low	queued
output/playwright/spire-plus-updates-icons-v1.png.import	output	low	queued
output/playwright/test-msedge.png	output	low	queued
output/playwright/test-msedge.png.import	output	low	queued
output/playwright/website-forum-entry-v1.png	output	low	queued
EZMicroBalanceCode/Ancients/Common/AncientFeatureGate.cs	cs-feature-state	medium	queued
EZMicroBalanceCode/Ancients/Expansion/Lotha/LothaFeatureGate.cs	cs-feature-state	medium	queued
EZMicroBalanceCode/Ancients/Expansion/Lotha/LothaInitializer.cs	cs-feature-state	medium	queued
EZMicroBalanceCode/Ancients/Expansion/Morvi/MorviFeatureGate.cs	cs-feature-state	medium	queued
EZMicroBalanceCode/Ancients/Expansion/Morvi/MorviInitializer.cs	cs-feature-state	medium	queued
EZMicroBalanceCode/Ancients/Expansion/Urda/UrdaFeatureGate.cs	cs-feature-state	medium	queued
EZMicroBalanceCode/Ancients/Expansion/Urda/UrdaInitializer.cs	cs-feature-state	medium	queued
EZMicroBalanceCode/Ancients/Expansion/Vakuu/VakuuFightFeatureGate.cs	cs-feature-state	medium	queued
EZMicroBalanceCode/Ancients/GlobalUsings.cs	cs-feature-state	medium	queued
EZMicroBalanceCode/Ascension/Core/AscensionFeatureGate.cs	cs-feature-state	medium	queued
EZMicroBalanceCode/Ascension/Core/AscensionFeatureGate.Environment.cs	cs-feature-state	medium	queued
EZMicroBalanceCode/Ascension/Core/AscensionFeatureGate.Systems.cs	cs-feature-state	medium	queued
EZMicroBalanceCode/Ascension/Core/AscensionInitializer.cs	cs-feature-state	medium	queued
EZMicroBalanceCode/Core/Features/FeatureGateResult.cs	cs-feature-state	medium	queued
EZMicroBalanceCode/Core/Features/FeatureRegistry.cs	cs-feature-state	medium	queued
EZMicroBalanceCode/Core/Features/SpirePlusFeatureRegistry.cs	cs-feature-state	medium	queued
EZMicroBalanceCode/MainFile.cs	cs-feature-state	medium	queued
tests/EZMicroBalance.Tests/A11MapGeometryProofTests.cs	test	low	queued
tests/EZMicroBalance.Tests/ActiveSourceManifestGuardTests.cs	test	low	queued
tests/EZMicroBalance.Tests/AncientArtAssetHygieneGuardTests.cs	test	low	queued
tests/EZMicroBalance.Tests/AncientBehaviorGuardTests.cs	test	low	queued
tests/EZMicroBalance.Tests/AncientBehaviorGuardTests.LocalizationDocs.cs	test	low	queued
tests/EZMicroBalance.Tests/AncientExpansionReleaseCoverageGuardTests.cs	test	low	queued
tests/EZMicroBalance.Tests/AncientHighRiskSourceGuardTests.cs	test	low	queued
tests/EZMicroBalance.Tests/AncientPlayerFacingPolishGuardTests.cs	test	low	queued
tests/EZMicroBalance.Tests/AncientPlayerFacingPolishGuardTests.Localization.cs	test	low	queued
tests/EZMicroBalance.Tests/AncientStateMirrorGuardTests.cs	test	low	queued
tests/EZMicroBalance.Tests/AncientUiReadinessGuardTests.cs	test	low	queued
tests/EZMicroBalance.Tests/AscensionFeatureGuardTests.cs	test	low	queued
tests/EZMicroBalance.Tests/AscensionFeatureGuardTests.Rootblight.cs	test	low	queued
tests/EZMicroBalance.Tests/AscensionV2MilestoneGuardTests.cs	test	low	queued
tests/EZMicroBalance.Tests/AuditGodotLogGuardTests.cs	test	low	queued
tests/EZMicroBalance.Tests/BossDedicatedAbilityV41GuardTests.cs	test	low	queued
tests/EZMicroBalance.Tests/CoopCombatSafetyGuardTests.cs	test	low	queued
tests/EZMicroBalance.Tests/CrossPlatformTestingGuardTests.cs	test	low	queued
tests/EZMicroBalance.Tests/DocumentationCompactnessGuardTests.cs	test	low	queued
tests/EZMicroBalance.Tests/EnemyDamagePolishGuardTests.cs	test	low	queued
tests/EZMicroBalance.Tests/EngineeringGovernanceGuardTests.cs	test	low	queued
tests/EZMicroBalance.Tests/GoalCompletionGuardTests.cs	test	low	queued
tests/EZMicroBalance.Tests/LothaPolishGuardTests.cs	test	low	queued
tests/EZMicroBalance.Tests/ModInfoLocalizationGuardTests.cs	test	low	queued
tests/EZMicroBalance.Tests/MorviV22GuardTests.cs	test	low	queued
tests/EZMicroBalance.Tests/MultiplayerPolicyGuardTests.cs	test	low	queued
tests/EZMicroBalance.Tests/PreviewToolsGuardTests.cs	test	low	queued
tests/EZMicroBalance.Tests/ReleaseArtifactFactAttribute.cs	test	low	queued
tests/EZMicroBalance.Tests/ReleaseArtifactParityGuardTests.cs	test	low	queued
tests/EZMicroBalance.Tests/ReleaseArtifactTests.cs	test	low	queued
tests/EZMicroBalance.Tests/ReleaseCoverageGuardTests.cs	test	low	queued
tests/EZMicroBalance.Tests/ReleaseEvidenceGateTests.cs	test	low	queued
tests/EZMicroBalance.Tests/ReleaseEvidenceGateTests.EvidenceHelpers.cs	test	low	queued
tests/EZMicroBalance.Tests/ReleaseEvidenceGateTests.ManualHandoff.cs	test	low	queued
tests/EZMicroBalance.Tests/ReleaseEvidenceLogCoverageGuardTests.cs	test	low	queued
tests/EZMicroBalance.Tests/ReleaseHashGuardTests.cs	test	low	queued
tests/EZMicroBalance.Tests/ReleasePackageArtifactGuardTests.cs	test	low	queued
tests/EZMicroBalance.Tests/ReleaseSafetyExpandedGuardTests.cs	test	low	queued
tests/EZMicroBalance.Tests/RuntimeCrashRegressionGuardTests.cs	test	low	queued
tests/EZMicroBalance.Tests/SaveStateContractsGuardTests.cs	test	low	queued
tests/EZMicroBalance.Tests/SourceApiDriftAuditGuardTests.cs	test	low	queued
tests/EZMicroBalance.Tests/TestInfrastructureGuardTests.cs	test	low	queued
tests/EZMicroBalance.Tests/TestRepo.cs	test	low	queued
tests/EZMicroBalance.Tests/UrdaReleaseCoverageGuardTests.cs	test	low	queued
tests/EZMicroBalance.Tests/VakuuLothaSaveRiskGuardTests.cs	test	low	queued
tests/EZMicroBalance.Tests/VakuuTemptationGuardTests.cs	test	low	queued
tests/EZMicroBalance.Tests/WebsiteContentGuardTests.cs	test	low	queued
EZMicroBalanceCode/Ancients/Common/AncientCardHelpers.cs	cs-normal	low	queued
EZMicroBalanceCode/Ancients/Common/AncientInitialOptionReroll.cs	cs-normal	low	queued
EZMicroBalanceCode/Ancients/Common/AncientPlayerState.cs	cs-normal	low	queued
EZMicroBalanceCode/Ancients/Common/AncientRewardRelicService.cs	cs-normal	low	queued
EZMicroBalanceCode/Ancients/Common/JeweledMaskFreePower.cs	cs-normal	low	queued
EZMicroBalanceCode/Ancients/Common/NeowInitialOptionRerollPatch.cs	cs-normal	low	queued
EZMicroBalanceCode/Ancients/Common/SpirePlusFeedback.cs	cs-normal	low	queued
EZMicroBalanceCode/Ancients/Expansion/Lotha/LothaAct3AncientService.cs	cs-normal	low	queued
EZMicroBalanceCode/Ancients/Expansion/Lotha/LothaAncient.cs	cs-normal	low	queued
EZMicroBalanceCode/Ancients/Expansion/Lotha/LothaAncient.OptionRows.cs	cs-normal	low	queued
EZMicroBalanceCode/Ancients/Expansion/Lotha/LothaAncient.Options.cs	cs-normal	low	queued
EZMicroBalanceCode/Ancients/Expansion/Lotha/LothaAssetPaths.cs	cs-normal	low	queued
EZMicroBalanceCode/Ancients/Expansion/Lotha/LothaBlessingIds.cs	cs-normal	low	queued
EZMicroBalanceCode/Ancients/Expansion/Lotha/LothaBlessingService.CardEligibility.cs	cs-normal	low	queued
EZMicroBalanceCode/Ancients/Expansion/Lotha/LothaBlessingService.CardPlayCount.cs	cs-normal	low	queued
EZMicroBalanceCode/Ancients/Expansion/Lotha/LothaBlessingService.CardPlayDispatch.cs	cs-normal	low	queued
EZMicroBalanceCode/Ancients/Expansion/Lotha/LothaBlessingService.CardRules.cs	cs-normal	low	queued
EZMicroBalanceCode/Ancients/Expansion/Lotha/LothaBlessingService.ClosedCourt.cs	cs-normal	low	queued
EZMicroBalanceCode/Ancients/Expansion/Lotha/LothaBlessingService.CostRules.cs	cs-normal	low	queued
EZMicroBalanceCode/Ancients/Expansion/Lotha/LothaBlessingService.DeathReprieve.cs	cs-normal	low	queued
EZMicroBalanceCode/Ancients/Expansion/Lotha/LothaBlessingService.DeathReprieveState.cs	cs-normal	low	queued
EZMicroBalanceCode/Ancients/Expansion/Lotha/LothaBlessingService.DeathReprieveTurn.cs	cs-normal	low	queued
EZMicroBalanceCode/Ancients/Expansion/Lotha/LothaBlessingService.DeferredVerdict.cs	cs-normal	low	queued
EZMicroBalanceCode/Ancients/Expansion/Lotha/LothaBlessingService.MirrorHallEcho.cs	cs-normal	low	queued
EZMicroBalanceCode/Ancients/Expansion/Lotha/LothaBlessingService.MirrorRebuttal.cs	cs-normal	low	queued
EZMicroBalanceCode/Ancients/Expansion/Lotha/LothaBlessingService.PlayerTurnStart.cs	cs-normal	low	queued
EZMicroBalanceCode/Ancients/Expansion/Lotha/LothaBlessingService.PowerReplacement.cs	cs-normal	low	queued
EZMicroBalanceCode/Ancients/Expansion/Lotha/LothaBlessingService.Presumption.cs	cs-normal	low	queued
EZMicroBalanceCode/Ancients/Expansion/Lotha/LothaBlessingService.PublicEvidence.cs	cs-normal	low	queued
EZMicroBalanceCode/Ancients/Expansion/Lotha/LothaBlessingService.SingleSentence.cs	cs-normal	low	queued
EZMicroBalanceCode/Ancients/Expansion/Lotha/LothaBlessingService.State.cs	cs-normal	low	queued
EZMicroBalanceCode/Ancients/Expansion/Lotha/LothaBlessingService.TurnEnd.cs	cs-normal	low	queued
EZMicroBalanceCode/Ancients/Expansion/Lotha/LothaOptionRelics.cs	cs-normal	low	queued
EZMicroBalanceCode/Ancients/Expansion/Lotha/LothaPowers.cs	cs-normal	low	queued
EZMicroBalanceCode/Ancients/Expansion/Morvi/MorviAct2AncientService.cs	cs-normal	low	queued
EZMicroBalanceCode/Ancients/Expansion/Morvi/MorviAncient.cs	cs-normal	low	queued
EZMicroBalanceCode/Ancients/Expansion/Morvi/MorviAncient.OptionRows.cs	cs-normal	low	queued
EZMicroBalanceCode/Ancients/Expansion/Morvi/MorviAncient.Options.cs	cs-normal	low	queued
EZMicroBalanceCode/Ancients/Expansion/Morvi/MorviArchiveBraveryPage.cs	cs-normal	low	queued
EZMicroBalanceCode/Ancients/Expansion/Morvi/MorviArchiveBurnPage.cs	cs-normal	low	queued
EZMicroBalanceCode/Ancients/Expansion/Morvi/MorviArchiveDexterityPage.cs	cs-normal	low	queued
EZMicroBalanceCode/Ancients/Expansion/Morvi/MorviArchiveDiscountPage.cs	cs-normal	low	queued
EZMicroBalanceCode/Ancients/Expansion/Morvi/MorviArchiveDrawPage.cs	cs-normal	low	queued
EZMicroBalanceCode/Ancients/Expansion/Morvi/MorviArchivePageCard.cs	cs-normal	low	queued
EZMicroBalanceCode/Ancients/Expansion/Morvi/MorviArchiveVeilPage.cs	cs-normal	low	queued
EZMicroBalanceCode/Ancients/Expansion/Morvi/MorviAssetPaths.cs	cs-normal	low	queued
EZMicroBalanceCode/Ancients/Expansion/Morvi/MorviBlessingIds.cs	cs-normal	low	queued
EZMicroBalanceCode/Ancients/Expansion/Morvi/MorviBlessingService.BlueprintProof.cs	cs-normal	low	queued
EZMicroBalanceCode/Ancients/Expansion/Morvi/MorviBlessingService.CardPlayFlow.cs	cs-normal	low	queued
EZMicroBalanceCode/Ancients/Expansion/Morvi/MorviBlessingService.DebtSettlement.cs	cs-normal	low	queued
EZMicroBalanceCode/Ancients/Expansion/Morvi/MorviBlessingService.ForbiddenLoan.cs	cs-normal	low	queued
EZMicroBalanceCode/Ancients/Expansion/Morvi/MorviBlessingService.ForbiddenLoanBorrowedCards.cs	cs-normal	low	queued
EZMicroBalanceCode/Ancients/Expansion/Morvi/MorviBlessingService.Helpers.cs	cs-normal	low	queued
EZMicroBalanceCode/Ancients/Expansion/Morvi/MorviBlessingService.MisprintPress.cs	cs-normal	low	queued
EZMicroBalanceCode/Ancients/Expansion/Morvi/MorviBlessingService.OpenBook.cs	cs-normal	low	queued
EZMicroBalanceCode/Ancients/Expansion/Morvi/MorviBlessingService.OpenBookState.cs	cs-normal	low	queued
EZMicroBalanceCode/Ancients/Expansion/Morvi/MorviBlessingService.OverdueLibrary.cs	cs-normal	low	queued
EZMicroBalanceCode/Ancients/Expansion/Morvi/MorviBlessingService.Paperstorm.cs	cs-normal	low	queued
EZMicroBalanceCode/Ancients/Expansion/Morvi/MorviBlessingService.Payments.cs	cs-normal	low	queued
EZMicroBalanceCode/Ancients/Expansion/Morvi/MorviBlessingService.RedInkOverdraft.cs	cs-normal	low	queued
EZMicroBalanceCode/Ancients/Expansion/Morvi/MorviBlessingService.State.cs	cs-normal	low	queued
EZMicroBalanceCode/Ancients/Expansion/Morvi/MorviBlessingService.TemporaryCards.cs	cs-normal	low	queued
EZMicroBalanceCode/Ancients/Expansion/Morvi/MorviOptionRelics.cs	cs-normal	low	queued
EZMicroBalanceCode/Ancients/Expansion/Morvi/MorviPowers.cs	cs-normal	low	queued
EZMicroBalanceCode/Ancients/Expansion/Morvi/MorviRedInkOverdraftCard.cs	cs-normal	low	queued
EZMicroBalanceCode/Ancients/Expansion/Morvi/MorviWastePaper.cs	cs-normal	low	queued
EZMicroBalanceCode/Ancients/Expansion/Urda/UrdaAct1AncientService.cs	cs-normal	low	queued
EZMicroBalanceCode/Ancients/Expansion/Urda/UrdaAncient.cs	cs-normal	low	queued
EZMicroBalanceCode/Ancients/Expansion/Urda/UrdaAncient.OptionRows.cs	cs-normal	low	queued
EZMicroBalanceCode/Ancients/Expansion/Urda/UrdaAncient.Options.cs	cs-normal	low	queued
EZMicroBalanceCode/Ancients/Expansion/Urda/UrdaAssetPaths.cs	cs-normal	low	queued
EZMicroBalanceCode/Ancients/Expansion/Urda/UrdaBlessingIds.cs	cs-normal	low	queued
EZMicroBalanceCode/Ancients/Expansion/Urda/UrdaBlessingService.AfterRain.cs	cs-normal	low	queued
EZMicroBalanceCode/Ancients/Expansion/Urda/UrdaBlessingService.CardRewards.cs	cs-normal	low	queued
EZMicroBalanceCode/Ancients/Expansion/Urda/UrdaBlessingService.EliteRoot.cs	cs-normal	low	queued
EZMicroBalanceCode/Ancients/Expansion/Urda/UrdaBlessingService.HumusPact.cs	cs-normal	low	queued
EZMicroBalanceCode/Ancients/Expansion/Urda/UrdaBlessingService.Localization.cs	cs-normal	low	queued
EZMicroBalanceCode/Ancients/Expansion/Urda/UrdaBlessingService.MapHelpers.cs	cs-normal	low	queued
EZMicroBalanceCode/Ancients/Expansion/Urda/UrdaBlessingService.Molting.cs	cs-normal	low	queued
EZMicroBalanceCode/Ancients/Expansion/Urda/UrdaBlessingService.MossMap.cs	cs-normal	low	queued
EZMicroBalanceCode/Ancients/Expansion/Urda/UrdaBlessingService.RootedRoute.cs	cs-normal	low	queued
EZMicroBalanceCode/Ancients/Expansion/Urda/UrdaBlessingService.RootedRouteReward.cs	cs-normal	low	queued
EZMicroBalanceCode/Ancients/Expansion/Urda/UrdaBlessingService.RootSightEncounters.cs	cs-normal	low	queued
EZMicroBalanceCode/Ancients/Expansion/Urda/UrdaBlessingService.RootSightEntryCommit.cs	cs-normal	low	queued
EZMicroBalanceCode/Ancients/Expansion/Urda/UrdaBlessingService.RootSightEntryLookup.cs	cs-normal	low	queued
EZMicroBalanceCode/Ancients/Expansion/Urda/UrdaBlessingService.RootSightEvents.cs	cs-normal	low	queued
EZMicroBalanceCode/Ancients/Expansion/Urda/UrdaBlessingService.RootSightHover.cs	cs-normal	low	queued
EZMicroBalanceCode/Ancients/Expansion/Urda/UrdaBlessingService.RootSightMarkers.cs	cs-normal	low	queued
EZMicroBalanceCode/Ancients/Expansion/Urda/UrdaBlessingService.RootSightPreviewGeneration.cs	cs-normal	low	queued
EZMicroBalanceCode/Ancients/Expansion/Urda/UrdaBlessingService.RootSightPreviewStore.cs	cs-normal	low	queued
EZMicroBalanceCode/Ancients/Expansion/Urda/UrdaBlessingService.RootSightReservationQueues.cs	cs-normal	low	queued
EZMicroBalanceCode/Ancients/Expansion/Urda/UrdaBlessingService.RootSightReservations.cs	cs-normal	low	queued
EZMicroBalanceCode/Ancients/Expansion/Urda/UrdaBlessingService.RootSightReservedIds.cs	cs-normal	low	queued
EZMicroBalanceCode/Ancients/Expansion/Urda/UrdaBlessingService.RootSightRouting.cs	cs-normal	low	queued
EZMicroBalanceCode/Ancients/Expansion/Urda/UrdaBlessingService.RootSightSelection.cs	cs-normal	low	queued
EZMicroBalanceCode/Ancients/Expansion/Urda/UrdaBlessingService.RootSightSelectionCommit.cs	cs-normal	low	queued
EZMicroBalanceCode/Ancients/Expansion/Urda/UrdaBlessingService.RootSightStatus.cs	cs-normal	low	queued
EZMicroBalanceCode/Ancients/Expansion/Urda/UrdaBlessingService.RootSightTargets.cs	cs-normal	low	queued
EZMicroBalanceCode/Ancients/Expansion/Urda/UrdaBlessingService.RootSightUnknown.cs	cs-normal	low	queued
EZMicroBalanceCode/Ancients/Expansion/Urda/UrdaBlessingService.RootSightUnknownOdds.cs	cs-normal	low	queued
EZMicroBalanceCode/Ancients/Expansion/Urda/UrdaBlessingService.RouteMapHelpers.cs	cs-normal	low	queued
EZMicroBalanceCode/Ancients/Expansion/Urda/UrdaBlessingService.SeedBank.cs	cs-normal	low	queued
EZMicroBalanceCode/Ancients/Expansion/Urda/UrdaBlessingService.SeedBankExtraction.cs	cs-normal	low	queued
EZMicroBalanceCode/Ancients/Expansion/Urda/UrdaBlessingService.SeedBankExtractionCommit.cs	cs-normal	low	queued
EZMicroBalanceCode/Ancients/Expansion/Urda/UrdaBlessingService.SeedBankExtractionState.cs	cs-normal	low	queued
EZMicroBalanceCode/Ancients/Expansion/Urda/UrdaBlessingService.SeedBankStatus.cs	cs-normal	low	queued
EZMicroBalanceCode/Ancients/Expansion/Urda/UrdaBlessingService.Seedbed.cs	cs-normal	low	queued
EZMicroBalanceCode/Ancients/Expansion/Urda/UrdaBlessingService.SeedbedCombat.cs	cs-normal	low	queued
EZMicroBalanceCode/Ancients/Expansion/Urda/UrdaBlessingService.SeedbedState.cs	cs-normal	low	queued
EZMicroBalanceCode/Ancients/Expansion/Urda/UrdaBlessingService.ShallowRootRelic.cs	cs-normal	low	queued
EZMicroBalanceCode/Ancients/Expansion/Urda/UrdaBlessingService.State.cs	cs-normal	low	queued
EZMicroBalanceCode/Ancients/Expansion/Urda/UrdaBlessingService.TrialBranchCombat.cs	cs-normal	low	queued
EZMicroBalanceCode/Ancients/Expansion/Urda/UrdaBlessingService.TrialBranchDisplay.cs	cs-normal	low	queued
EZMicroBalanceCode/Ancients/Expansion/Urda/UrdaBlessingService.TrialBranchOffer.cs	cs-normal	low	queued
EZMicroBalanceCode/Ancients/Expansion/Urda/UrdaBlessingService.TrialBranchResolution.cs	cs-normal	low	queued
EZMicroBalanceCode/Ancients/Expansion/Urda/UrdaMapUiPatches.cs	cs-normal	low	queued
EZMicroBalanceCode/Ancients/Expansion/Urda/UrdaOptionRelic.cs	cs-normal	low	queued
EZMicroBalanceCode/Ancients/Expansion/Urda/UrdaOptionRelicClickPatch.cs	cs-normal	low	queued
EZMicroBalanceCode/Ancients/Expansion/Urda/UrdaRainBreath.cs	cs-normal	low	queued
EZMicroBalanceCode/Ancients/Expansion/Urda/UrdaRootSightMapClickPatches.cs	cs-normal	low	queued
EZMicroBalanceCode/Ancients/Expansion/Urda/UrdaRootSightMapPreviewVisuals.cs	cs-normal	low	queued
EZMicroBalanceCode/Ancients/Expansion/Urda/UrdaRootSightOptionRelic.cs	cs-normal	low	queued
EZMicroBalanceCode/Ancients/Expansion/Urda/UrdaRootSightRoomPatches.cs	cs-normal	low	queued
EZMicroBalanceCode/Ancients/Expansion/Urda/UrdaSeedBankOptionRelic.cs	cs-normal	low	queued
EZMicroBalanceCode/Ancients/Expansion/Urda/UrdaSeedbed.cs	cs-normal	low	queued
EZMicroBalanceCode/Ancients/Expansion/Urda/UrdaSeedbedAfterCardDrawnPatch.cs	cs-normal	low	queued
EZMicroBalanceCode/Ancients/Expansion/Urda/UrdaSeedbedCardPileDrawPatch.cs	cs-normal	low	queued
EZMicroBalanceCode/Ancients/Expansion/Urda/UrdaSeedling.cs	cs-normal	low	queued
EZMicroBalanceCode/Ancients/Expansion/Urda/UrdaStandardOptionRelics.cs	cs-normal	low	queued
EZMicroBalanceCode/Ancients/Expansion/Urda/UrdaTrialBranchEnchantment.cs	cs-normal	low	queued
EZMicroBalanceCode/Ancients/Expansion/Urda/UrdaWitheredHuskTransformPatches.cs	cs-normal	low	queued
EZMicroBalanceCode/Ancients/Expansion/Urda/WitheredHusk.cs	cs-normal	low	queued
EZMicroBalanceCode/Ancients/Expansion/Vakuu/VakuuContractService.cs	cs-normal	low	queued
EZMicroBalanceCode/Ancients/Expansion/Vakuu/VakuuContractService.Offers.cs	cs-normal	low	queued
EZMicroBalanceCode/Ancients/Expansion/Vakuu/VakuuFightAssetPaths.cs	cs-normal	low	queued
EZMicroBalanceCode/Ancients/Expansion/Vakuu/VakuuFightEncounter.cs	cs-normal	low	queued
EZMicroBalanceCode/Ancients/Expansion/Vakuu/VakuuFightOptionRelic.cs	cs-normal	low	queued
EZMicroBalanceCode/Ancients/Expansion/Vakuu/VakuuFightPatch.cs	cs-normal	low	queued
EZMicroBalanceCode/Ancients/Expansion/Vakuu/VakuuFightPowers.cs	cs-normal	low	queued
EZMicroBalanceCode/Ancients/Expansion/Vakuu/VakuuFightService.BloodDebt.cs	cs-normal	low	queued
EZMicroBalanceCode/Ancients/Expansion/Vakuu/VakuuFightService.Contracts.cs	cs-normal	low	queued
EZMicroBalanceCode/Ancients/Expansion/Vakuu/VakuuFightService.Entry.cs	cs-normal	low	queued
EZMicroBalanceCode/Ancients/Expansion/Vakuu/VakuuFightService.LockBreaks.cs	cs-normal	low	queued
EZMicroBalanceCode/Ancients/Expansion/Vakuu/VakuuFightService.NoRewardResume.cs	cs-normal	low	queued
EZMicroBalanceCode/Ancients/Expansion/Vakuu/VakuuFightService.ParentRestore.cs	cs-normal	low	queued
EZMicroBalanceCode/Ancients/Expansion/Vakuu/VakuuFightService.StolenVault.cs	cs-normal	low	queued
EZMicroBalanceCode/Ancients/Expansion/Vakuu/VakuuFightVictory.cs	cs-normal	low	queued
EZMicroBalanceCode/Ancients/Expansion/Vakuu/VakuuFightVictoryChoices.cs	cs-normal	low	queued
EZMicroBalanceCode/Ancients/Expansion/Vakuu/VakuuTemptationCard.cs	cs-normal	low	queued
EZMicroBalanceCode/Ancients/Expansion/Vakuu/VakuuTrialMonster.cs	cs-normal	low	queued
EZMicroBalanceCode/Ascension/Cards/BossSealCards.cs	cs-normal	low	queued
EZMicroBalanceCode/Ascension/Cards/RootBudCard.cs	cs-normal	low	queued
EZMicroBalanceCode/Ascension/Cards/RootCards.cs	cs-normal	low	queued
EZMicroBalanceCode/Ascension/Cards/RootFamilyCard.cs	cs-normal	low	queued
EZMicroBalanceCode/Ascension/Cards/RootPortraitPaths.cs	cs-normal	low	queued
EZMicroBalanceCode/Ascension/Core/AscensionAssetPaths.cs	cs-normal	low	queued
EZMicroBalanceCode/Ascension/Core/AscensionDiagnostics.cs	cs-normal	low	queued
EZMicroBalanceCode/Ascension/Core/AscensionExpansionConfig.cs	cs-normal	low	queued
EZMicroBalanceCode/Ascension/Enchantments/FissionEnchantment.cs	cs-normal	low	queued
EZMicroBalanceCode/Ascension/Enchantments/RoyalDecreeEnchantment.cs	cs-normal	low	queued
EZMicroBalanceCode/Ascension/Events/A20Courtyard.cs	cs-normal	low	queued
EZMicroBalanceCode/Ascension/Map/AscensionNodeMetadata.cs	cs-normal	low	queued
EZMicroBalanceCode/Ascension/Powers/AeonglassHourglassPower.cs	cs-normal	low	queued
EZMicroBalanceCode/Ascension/Powers/AeonglassHourglassRuntimePowers.cs	cs-normal	low	queued
EZMicroBalanceCode/Ascension/Powers/AscensionPowerAmountHelper.cs	cs-normal	low	queued
EZMicroBalanceCode/Ascension/Powers/BannerBloodPrizePowers.cs	cs-normal	low	queued
EZMicroBalanceCode/Ascension/Powers/BannerLastStandPower.cs	cs-normal	low	queued
EZMicroBalanceCode/Ascension/Powers/BannerPowers.cs	cs-normal	low	queued
EZMicroBalanceCode/Ascension/Powers/BannerPressingLinePower.cs	cs-normal	low	queued
EZMicroBalanceCode/Ascension/Powers/BannerShieldwallPower.cs	cs-normal	low	queued
EZMicroBalanceCode/Ascension/Powers/BannerVanguardPower.cs	cs-normal	low	queued
EZMicroBalanceCode/Ascension/Powers/BoilingCriticalPower.cs	cs-normal	low	queued
EZMicroBalanceCode/Ascension/Powers/BossSealMarkerPower.cs	cs-normal	low	queued
EZMicroBalanceCode/Ascension/Powers/BossSealMarkerPowers.AeonglassHourglass.cs	cs-normal	low	queued
EZMicroBalanceCode/Ascension/Powers/BossSealMarkerPowers.BoilingCritical.cs	cs-normal	low	queued
EZMicroBalanceCode/Ascension/Powers/BossSealMarkerPowers.ChosenDecree.cs	cs-normal	low	queued
EZMicroBalanceCode/Ascension/Powers/BossSealMarkerPowers.HolyDaze.cs	cs-normal	low	queued
EZMicroBalanceCode/Ascension/Powers/BossSealMarkerPowers.InkReturn.cs	cs-normal	low	queued
EZMicroBalanceCode/Ascension/Powers/BossSealMarkerPowers.MarginalNote.cs	cs-normal	low	queued
EZMicroBalanceCode/Ascension/Powers/BossSealMarkerPowers.MartyrOath.cs	cs-normal	low	queued
EZMicroBalanceCode/Ascension/Powers/BossSealMarkerPowers.MisalignedShell.cs	cs-normal	low	queued
EZMicroBalanceCode/Ascension/Powers/BossSealMarkerPowers.ResidualSample.cs	cs-normal	low	queued
EZMicroBalanceCode/Ascension/Powers/BossSealMarkerPowers.SoulTide.cs	cs-normal	low	queued
EZMicroBalanceCode/Ascension/Powers/BossSealMarkerPowers.StartledShell.cs	cs-normal	low	queued
EZMicroBalanceCode/Ascension/Powers/BossSealMarkerPowers.StruggleBait.cs	cs-normal	low	queued
EZMicroBalanceCode/Ascension/Powers/BossSealPower.cs	cs-normal	low	queued
EZMicroBalanceCode/Ascension/Powers/ChosenDecreePowers.cs	cs-normal	low	queued
EZMicroBalanceCode/Ascension/Powers/FiremarkConstantHealPower.cs	cs-normal	low	queued
EZMicroBalanceCode/Ascension/Powers/FiremarkForgeArmorPower.cs	cs-normal	low	queued
EZMicroBalanceCode/Ascension/Powers/FiremarkGiantPower.cs	cs-normal	low	queued
EZMicroBalanceCode/Ascension/Powers/FiremarkHeatPowers.cs	cs-normal	low	queued
EZMicroBalanceCode/Ascension/Powers/FiremarkMightPower.cs	cs-normal	low	queued
EZMicroBalanceCode/Ascension/Powers/FiremarkMoltenCorePower.cs	cs-normal	low	queued
EZMicroBalanceCode/Ascension/Powers/FiremarkPowers.cs	cs-normal	low	queued
EZMicroBalanceCode/Ascension/Powers/HolyDazePower.cs	cs-normal	low	queued
EZMicroBalanceCode/Ascension/Powers/MarginalNotePowers.cs	cs-normal	low	queued
EZMicroBalanceCode/Ascension/Powers/MartyrOathPowers.cs	cs-normal	low	queued
EZMicroBalanceCode/Ascension/Powers/MisalignedShellPowers.cs	cs-normal	low	queued
EZMicroBalanceCode/Ascension/Powers/ResidualSamplePower.cs	cs-normal	low	queued
EZMicroBalanceCode/Ascension/Powers/TestSubjectSamplePowers.cs	cs-normal	low	queued
EZMicroBalanceCode/Ascension/Relics/ForgeTokenRelic.cs	cs-normal	low	queued
EZMicroBalanceCode/Ascension/Rewards/BossSealCatalog.Definitions.cs	cs-normal	low	queued
EZMicroBalanceCode/Ascension/Rewards/BossSealCatalog.Localization.cs	cs-normal	low	queued
EZMicroBalanceCode/Ascension/Rewards/BossSealDefinition.cs	cs-normal	low	queued
EZMicroBalanceCode/Ascension/Rewards/ForgeTokenService.cs	cs-normal	low	queued
EZMicroBalanceCode/Ascension/Rewards/ForgeTokenService.VisibleRelic.cs	cs-normal	low	queued
EZMicroBalanceCode/Ascension/Rewards/RootDeckService.cs	cs-normal	low	queued
EZMicroBalanceCode/Ascension/Rewards/RootDeckService.DeckCards.cs	cs-normal	low	queued
EZMicroBalanceCode/Ascension/Rewards/RootDeckService.Lifecycle.cs	cs-normal	low	queued
EZMicroBalanceCode/Ascension/Rewards/RootDeckService.Notices.cs	cs-normal	low	queued
EZMicroBalanceCode/Ascension/Rewards/RootDeckService.PendingDowngrades.cs	cs-normal	low	queued
EZMicroBalanceCode/Ascension/Rewards/RootDeckService.Removals.cs	cs-normal	low	queued
EZMicroBalanceCode/Ascension/Rewards/RootDeckService.State.cs	cs-normal	low	queued
EZMicroBalanceCode/Config/SpirePlusModConfig.cs	cs-normal	low	queued
EZMicroBalanceCode/Core/Features/IFeatureModule.cs	cs-normal	low	queued
EZMicroBalanceCode/Diagnostics/ReleaseEvidenceLog.cs	cs-normal	low	queued
EZMicroBalanceCode/Diagnostics/SpirePlusAncientLiveTestConsoleCmd.cs	cs-normal	low	queued
EZMicroBalanceCode/Diagnostics/SpirePlusAncientLiveTestConsoleCmd.RunSetup.cs	cs-normal	low	queued
EZMicroBalanceCode/Modding/ModInfoLocalizationPatches.cs	cs-normal	low	queued
EZMicroBalanceCode/Preview/PreviewLog.cs	cs-normal	low	queued
EZMicroBalanceCode/Preview/TransformPreviewPredictionQueue.cs	cs-normal	low	queued
EZMicroBalance/localization/eng/ancients.json	localization	low	queued
EZMicroBalance/localization/eng/ascension.json	localization	low	queued
EZMicroBalance/localization/eng/card_keywords.json	localization	low	queued
EZMicroBalance/localization/eng/card_reward_ui.json	localization	low	queued
EZMicroBalance/localization/eng/cards.json	localization	low	queued
EZMicroBalance/localization/eng/encounters.json	localization	low	queued
EZMicroBalance/localization/eng/events.json	localization	low	queued
EZMicroBalance/localization/eng/monsters.json	localization	low	queued
EZMicroBalance/localization/eng/powers.json	localization	low	queued
EZMicroBalance/localization/eng/relics.json	localization	low	queued
EZMicroBalance/localization/eng/rest_site_ui.json	localization	low	queued
EZMicroBalance/localization/eng/settings_ui.json	localization	low	queued
EZMicroBalance/localization/eng/static_hover_tips.json	localization	low	queued
EZMicroBalance/localization/zhs/ancients.json	localization	low	queued
EZMicroBalance/localization/zhs/ascension.json	localization	low	queued
EZMicroBalance/localization/zhs/card_keywords.json	localization	low	queued
EZMicroBalance/localization/zhs/card_reward_ui.json	localization	low	queued
EZMicroBalance/localization/zhs/cards.json	localization	low	queued
EZMicroBalance/localization/zhs/encounters.json	localization	low	queued
EZMicroBalance/localization/zhs/events.json	localization	low	queued
EZMicroBalance/localization/zhs/monsters.json	localization	low	queued
EZMicroBalance/localization/zhs/powers.json	localization	low	queued
EZMicroBalance/localization/zhs/relics.json	localization	low	queued
EZMicroBalance/localization/zhs/rest_site_ui.json	localization	low	queued
EZMicroBalance/localization/zhs/settings_ui.json	localization	low	queued
EZMicroBalance/localization/zhs/static_hover_tips.json	localization	low	queued
EZMicroBalance/images/ancients/common/ancient_reroll_die.png	resource	low	queued
EZMicroBalance/images/ancients/common/ancient_reroll_die.png.import	resource	low	queued
EZMicroBalance/images/ancients/lotha/ezmb_lotha_map_icon.png	resource	low	queued
EZMicroBalance/images/ancients/lotha/ezmb_lotha_map_icon.png.import	resource	low	queued
EZMicroBalance/images/ancients/lotha/ezmb_lotha_map_icon_outline.png	resource	low	queued
EZMicroBalance/images/ancients/lotha/ezmb_lotha_map_icon_outline.png.import	resource	low	queued
EZMicroBalance/images/ancients/lotha/ezmb_lotha_run_history_icon.png	resource	low	queued
EZMicroBalance/images/ancients/lotha/ezmb_lotha_run_history_icon.png.import	resource	low	queued
EZMicroBalance/images/ancients/lotha/ezmb_lotha_run_history_icon_outline.png	resource	low	queued
EZMicroBalance/images/ancients/lotha/ezmb_lotha_run_history_icon_outline.png.import	resource	low	queued
EZMicroBalance/images/ancients/lotha/options/lotha_closed_court.png	resource	low	queued
EZMicroBalance/images/ancients/lotha/options/lotha_closed_court.png.import	resource	low	queued
EZMicroBalance/images/ancients/lotha/options/lotha_death_reprieve.png	resource	low	queued
EZMicroBalance/images/ancients/lotha/options/lotha_death_reprieve.png.import	resource	low	queued
EZMicroBalance/images/ancients/lotha/options/lotha_deferred_verdict.png	resource	low	queued
EZMicroBalance/images/ancients/lotha/options/lotha_deferred_verdict.png.import	resource	low	queued
EZMicroBalance/images/ancients/lotha/options/lotha_mirror_hall_echo.png	resource	low	queued
EZMicroBalance/images/ancients/lotha/options/lotha_mirror_hall_echo.png.import	resource	low	queued
EZMicroBalance/images/ancients/lotha/options/lotha_mirror_rebuttal.png	resource	low	queued
EZMicroBalance/images/ancients/lotha/options/lotha_mirror_rebuttal.png.import	resource	low	queued
EZMicroBalance/images/ancients/lotha/options/lotha_presumption.png	resource	low	queued
EZMicroBalance/images/ancients/lotha/options/lotha_presumption.png.import	resource	low	queued
EZMicroBalance/images/ancients/lotha/options/lotha_public_evidence.png	resource	low	queued
EZMicroBalance/images/ancients/lotha/options/lotha_public_evidence.png.import	resource	low	queued
EZMicroBalance/images/ancients/lotha/options/lotha_single_sentence.png	resource	low	queued
EZMicroBalance/images/ancients/lotha/options/lotha_single_sentence.png.import	resource	low	queued
EZMicroBalance/images/ancients/morvi/ezmb_morvi_map_icon.png	resource	low	queued
EZMicroBalance/images/ancients/morvi/ezmb_morvi_map_icon.png.import	resource	low	queued
EZMicroBalance/images/ancients/morvi/ezmb_morvi_map_icon_outline.png	resource	low	queued
EZMicroBalance/images/ancients/morvi/ezmb_morvi_map_icon_outline.png.import	resource	low	queued
EZMicroBalance/images/ancients/morvi/ezmb_morvi_run_history_icon.png	resource	low	queued
EZMicroBalance/images/ancients/morvi/ezmb_morvi_run_history_icon.png.import	resource	low	queued
EZMicroBalance/images/ancients/morvi/ezmb_morvi_run_history_icon_outline.png	resource	low	queued
EZMicroBalance/images/ancients/morvi/ezmb_morvi_run_history_icon_outline.png.import	resource	low	queued
EZMicroBalance/images/ancients/morvi/options/morvi_blueprint_proof.png	resource	low	queued
EZMicroBalance/images/ancients/morvi/options/morvi_blueprint_proof.png.import	resource	low	queued
EZMicroBalance/images/ancients/morvi/options/morvi_debt_settlement.png	resource	low	queued
EZMicroBalance/images/ancients/morvi/options/morvi_debt_settlement.png.import	resource	low	queued
EZMicroBalance/images/ancients/morvi/options/morvi_forbidden_loan.png	resource	low	queued
EZMicroBalance/images/ancients/morvi/options/morvi_forbidden_loan.png.import	resource	low	queued
EZMicroBalance/images/ancients/morvi/options/morvi_misprint_press.png	resource	low	queued
EZMicroBalance/images/ancients/morvi/options/morvi_misprint_press.png.import	resource	low	queued
EZMicroBalance/images/ancients/morvi/options/morvi_open_book_exam.png	resource	low	queued
EZMicroBalance/images/ancients/morvi/options/morvi_open_book_exam.png.import	resource	low	queued
EZMicroBalance/images/ancients/morvi/options/morvi_overdue_library.png	resource	low	queued
EZMicroBalance/images/ancients/morvi/options/morvi_overdue_library.png.import	resource	low	queued
EZMicroBalance/images/ancients/morvi/options/morvi_paperstorm.png	resource	low	queued
EZMicroBalance/images/ancients/morvi/options/morvi_paperstorm.png.import	resource	low	queued
EZMicroBalance/images/ancients/morvi/options/morvi_red_ink_overdraft.png	resource	low	queued
EZMicroBalance/images/ancients/morvi/options/morvi_red_ink_overdraft.png.import	resource	low	queued
EZMicroBalance/images/ancients/urda/ezmb_urda_map_icon.png	resource	low	queued
EZMicroBalance/images/ancients/urda/ezmb_urda_map_icon.png.import	resource	low	queued
EZMicroBalance/images/ancients/urda/ezmb_urda_map_icon_outline.png	resource	low	queued
EZMicroBalance/images/ancients/urda/ezmb_urda_map_icon_outline.png.import	resource	low	queued
EZMicroBalance/images/ancients/urda/ezmb_urda_run_history_icon.png	resource	low	queued
EZMicroBalance/images/ancients/urda/ezmb_urda_run_history_icon.png.import	resource	low	queued
EZMicroBalance/images/ancients/urda/ezmb_urda_run_history_icon_outline.png	resource	low	queued
EZMicroBalance/images/ancients/urda/ezmb_urda_run_history_icon_outline.png.import	resource	low	queued
EZMicroBalance/images/ancients/urda/options/urda_after_rain.png	resource	low	queued
EZMicroBalance/images/ancients/urda/options/urda_after_rain.png.import	resource	low	queued
EZMicroBalance/images/ancients/urda/options/urda_elite_root.png	resource	low	queued
EZMicroBalance/images/ancients/urda/options/urda_elite_root.png.import	resource	low	queued
EZMicroBalance/images/ancients/urda/options/urda_humus_pact.png	resource	low	queued
EZMicroBalance/images/ancients/urda/options/urda_humus_pact.png.import	resource	low	queued
EZMicroBalance/images/ancients/urda/options/urda_molting.png	resource	low	queued
EZMicroBalance/images/ancients/urda/options/urda_molting.png.import	resource	low	queued
EZMicroBalance/images/ancients/urda/options/urda_moss_map.png	resource	low	queued
EZMicroBalance/images/ancients/urda/options/urda_moss_map.png.import	resource	low	queued
EZMicroBalance/images/ancients/urda/options/urda_root_sight.png	resource	low	queued
EZMicroBalance/images/ancients/urda/options/urda_root_sight.png.import	resource	low	queued
EZMicroBalance/images/ancients/urda/options/urda_rooted_route.png	resource	low	queued
EZMicroBalance/images/ancients/urda/options/urda_rooted_route.png.import	resource	low	queued
EZMicroBalance/images/ancients/urda/options/urda_seed_bank.png	resource	low	queued
EZMicroBalance/images/ancients/urda/options/urda_seed_bank.png.import	resource	low	queued
EZMicroBalance/images/ancients/urda/options/urda_seedbed.png	resource	low	queued
EZMicroBalance/images/ancients/urda/options/urda_seedbed.png.import	resource	low	queued
EZMicroBalance/images/ancients/urda/options/urda_shallow_root_relic.png	resource	low	queued
EZMicroBalance/images/ancients/urda/options/urda_shallow_root_relic.png.import	resource	low	queued
EZMicroBalance/images/ancients/urda/options/urda_trial_branch.png	resource	low	queued
EZMicroBalance/images/ancients/urda/options/urda_trial_branch.png.import	resource	low	queued
EZMicroBalance/images/ancients/vakuu/options/vakuu_fight.png	resource	low	queued
EZMicroBalance/images/ancients/vakuu/options/vakuu_fight.png.import	resource	low	queued
EZMicroBalance/images/ascension/banner_bounty_indicator.png	resource	low	queued
EZMicroBalance/images/ascension/banner_bounty_indicator.png.import	resource	low	queued
EZMicroBalance/images/ascension/banner_room_indicator.png	resource	low	queued
EZMicroBalance/images/ascension/banner_room_indicator.png.import	resource	low	queued
EZMicroBalance/images/ascension/banner_shield_formation_indicator.png	resource	low	queued
EZMicroBalance/images/ascension/banner_shield_formation_indicator.png.import	resource	low	queued
EZMicroBalance/images/ascension/banner_vanguard_indicator.png	resource	low	queued
EZMicroBalance/images/ascension/banner_vanguard_indicator.png.import	resource	low	queued
EZMicroBalance/images/ascension/boss_seal_indicator.png	resource	low	queued
EZMicroBalance/images/ascension/boss_seal_indicator.png.import	resource	low	queued
EZMicroBalance/images/ascension/boss_seals/aeonglass_hourglass.png	resource	low	queued
EZMicroBalance/images/ascension/boss_seals/aeonglass_hourglass.png.import	resource	low	queued
EZMicroBalance/images/ascension/boss_seals/boiling_critical.png	resource	low	queued
EZMicroBalance/images/ascension/boss_seals/boiling_critical.png.import	resource	low	queued
EZMicroBalance/images/ascension/boss_seals/chosen_decree.png	resource	low	queued
EZMicroBalance/images/ascension/boss_seals/chosen_decree.png.import	resource	low	queued
EZMicroBalance/images/ascension/boss_seals/holy_daze.png	resource	low	queued
EZMicroBalance/images/ascension/boss_seals/holy_daze.png.import	resource	low	queued
EZMicroBalance/images/ascension/boss_seals/ink_return.png	resource	low	queued
EZMicroBalance/images/ascension/boss_seals/ink_return.png.import	resource	low	queued
EZMicroBalance/images/ascension/boss_seals/marginal_note.png	resource	low	queued
EZMicroBalance/images/ascension/boss_seals/marginal_note.png.import	resource	low	queued
EZMicroBalance/images/ascension/boss_seals/martyr_oath.png	resource	low	queued
EZMicroBalance/images/ascension/boss_seals/martyr_oath.png.import	resource	low	queued
EZMicroBalance/images/ascension/boss_seals/misaligned_shell.png	resource	low	queued
EZMicroBalance/images/ascension/boss_seals/misaligned_shell.png.import	resource	low	queued
EZMicroBalance/images/ascension/boss_seals/residual_sample.png	resource	low	queued
EZMicroBalance/images/ascension/boss_seals/residual_sample.png.import	resource	low	queued
EZMicroBalance/images/ascension/boss_seals/soul_tide.png	resource	low	queued
EZMicroBalance/images/ascension/boss_seals/soul_tide.png.import	resource	low	queued
EZMicroBalance/images/ascension/boss_seals/startled_shell.png	resource	low	queued
EZMicroBalance/images/ascension/boss_seals/startled_shell.png.import	resource	low	queued
EZMicroBalance/images/ascension/boss_seals/struggle_bait.png	resource	low	queued
EZMicroBalance/images/ascension/boss_seals/struggle_bait.png.import	resource	low	queued
EZMicroBalance/images/ascension/firemark_constant_heal_indicator.png	resource	low	queued
EZMicroBalance/images/ascension/firemark_constant_heal_indicator.png.import	resource	low	queued
EZMicroBalance/images/ascension/firemark_forge_armor_indicator.png	resource	low	queued
EZMicroBalance/images/ascension/firemark_forge_armor_indicator.png.import	resource	low	queued
EZMicroBalance/images/ascension/firemark_giant_indicator.png	resource	low	queued
EZMicroBalance/images/ascension/firemark_giant_indicator.png.import	resource	low	queued
EZMicroBalance/images/ascension/firemark_might_indicator.png	resource	low	queued
EZMicroBalance/images/ascension/firemark_might_indicator.png.import	resource	low	queued
EZMicroBalance/images/ascension/firemarked_elite_indicator.png	resource	low	queued
EZMicroBalance/images/ascension/firemarked_elite_indicator.png.import	resource	low	queued
EZMicroBalance/images/ascension/fission_enchantment_icon.png	resource	low	queued
EZMicroBalance/images/ascension/fission_enchantment_icon.png.import	resource	low	queued
EZMicroBalance/images/ascension/forge_token_status.png	resource	low	queued
EZMicroBalance/images/ascension/forge_token_status.png.import	resource	low	queued
EZMicroBalance/images/card_portraits/big/blight_sprout.png	resource	low	queued
EZMicroBalance/images/card_portraits/big/blight_sprout.png.import	resource	low	queued
EZMicroBalance/images/card_portraits/big/card.png	resource	low	queued
EZMicroBalance/images/card_portraits/big/card.png.import	resource	low	queued
EZMicroBalance/images/card_portraits/big/morvi_archive_pages.png	resource	low	queued
EZMicroBalance/images/card_portraits/big/morvi_archive_pages.png.import	resource	low	queued
EZMicroBalance/images/card_portraits/big/morvi_red_ink_overdraft.png	resource	low	queued
EZMicroBalance/images/card_portraits/big/morvi_red_ink_overdraft.png.import	resource	low	queued
EZMicroBalance/images/card_portraits/big/morvi_waste_paper.png	resource	low	queued
EZMicroBalance/images/card_portraits/big/morvi_waste_paper.png.import	resource	low	queued
EZMicroBalance/images/card_portraits/big/rootblight_i.png	resource	low	queued
EZMicroBalance/images/card_portraits/big/rootblight_i.png.import	resource	low	queued
EZMicroBalance/images/card_portraits/big/rootblight_ii.png	resource	low	queued
EZMicroBalance/images/card_portraits/big/rootblight_ii.png.import	resource	low	queued
EZMicroBalance/images/card_portraits/big/rootblight_iii.png	resource	low	queued
EZMicroBalance/images/card_portraits/big/rootblight_iii.png.import	resource	low	queued
EZMicroBalance/images/card_portraits/big/urda_seedling.png	resource	low	queued
EZMicroBalance/images/card_portraits/big/urda_seedling.png.import	resource	low	queued
EZMicroBalance/images/card_portraits/big/vakuu_temptation.png	resource	low	queued
EZMicroBalance/images/card_portraits/big/vakuu_temptation.png.import	resource	low	queued
EZMicroBalance/images/card_portraits/big/withered_husk.png	resource	low	queued
EZMicroBalance/images/card_portraits/big/withered_husk.png.import	resource	low	queued
EZMicroBalance/images/card_portraits/blight_sprout.png	resource	low	queued
EZMicroBalance/images/card_portraits/blight_sprout.png.import	resource	low	queued
EZMicroBalance/images/card_portraits/card.png	resource	low	queued
EZMicroBalance/images/card_portraits/card.png.import	resource	low	queued
EZMicroBalance/images/card_portraits/morvi_archive_pages.png	resource	low	queued
EZMicroBalance/images/card_portraits/morvi_archive_pages.png.import	resource	low	queued
EZMicroBalance/images/card_portraits/morvi_red_ink_overdraft.png	resource	low	queued
EZMicroBalance/images/card_portraits/morvi_red_ink_overdraft.png.import	resource	low	queued
EZMicroBalance/images/card_portraits/morvi_waste_paper.png	resource	low	queued
EZMicroBalance/images/card_portraits/morvi_waste_paper.png.import	resource	low	queued
EZMicroBalance/images/card_portraits/rootblight_i.png	resource	low	queued
EZMicroBalance/images/card_portraits/rootblight_i.png.import	resource	low	queued
EZMicroBalance/images/card_portraits/rootblight_ii.png	resource	low	queued
EZMicroBalance/images/card_portraits/rootblight_ii.png.import	resource	low	queued
EZMicroBalance/images/card_portraits/rootblight_iii.png	resource	low	queued
EZMicroBalance/images/card_portraits/rootblight_iii.png.import	resource	low	queued
EZMicroBalance/images/card_portraits/urda_seedling.png	resource	low	queued
EZMicroBalance/images/card_portraits/urda_seedling.png.import	resource	low	queued
EZMicroBalance/images/card_portraits/vakuu_temptation.png	resource	low	queued
EZMicroBalance/images/card_portraits/vakuu_temptation.png.import	resource	low	queued
EZMicroBalance/images/card_portraits/withered_husk.png	resource	low	queued
EZMicroBalance/images/card_portraits/withered_husk.png.import	resource	low	queued
EZMicroBalance/images/encounters/vakuu_trial_backdrop.png	resource	low	queued
EZMicroBalance/images/encounters/vakuu_trial_backdrop.png.import	resource	low	queued
EZMicroBalance/images/events/ezmb_lotha.png	resource	low	queued
EZMicroBalance/images/events/ezmb_lotha.png.import	resource	low	queued
EZMicroBalance/images/events/ezmb_morvi.png	resource	low	queued
EZMicroBalance/images/events/ezmb_morvi.png.import	resource	low	queued
EZMicroBalance/images/events/ezmb_urda.png	resource	low	queued
EZMicroBalance/images/events/ezmb_urda.png.import	resource	low	queued
EZMicroBalance/images/monsters/vakuu_trial.png	resource	low	queued
EZMicroBalance/images/monsters/vakuu_trial.png.import	resource	low	queued
EZMicroBalance/images/powers/big/lotha_death_reprieve.png	resource	low	queued
EZMicroBalance/images/powers/big/lotha_death_reprieve.png.import	resource	low	queued
EZMicroBalance/images/powers/big/lotha_enlightenment.png	resource	low	queued
EZMicroBalance/images/powers/big/lotha_enlightenment.png.import	resource	low	queued
EZMicroBalance/images/powers/big/lotha_presumption.png	resource	low	queued
EZMicroBalance/images/powers/big/lotha_presumption.png.import	resource	low	queued
EZMicroBalance/images/powers/big/lotha_single_sentence.png	resource	low	queued
EZMicroBalance/images/powers/big/lotha_single_sentence.png.import	resource	low	queued
EZMicroBalance/images/powers/big/lotha_verdict.png	resource	low	queued
EZMicroBalance/images/powers/big/lotha_verdict.png.import	resource	low	queued
EZMicroBalance/images/powers/big/morvi_archive_page.png	resource	low	queued
EZMicroBalance/images/powers/big/morvi_archive_page.png.import	resource	low	queued
EZMicroBalance/images/powers/big/morvi_debt.png	resource	low	queued
EZMicroBalance/images/powers/big/morvi_debt.png.import	resource	low	queued
EZMicroBalance/images/powers/big/morvi_open_book.png	resource	low	queued
EZMicroBalance/images/powers/big/morvi_open_book.png.import	resource	low	queued
EZMicroBalance/images/powers/big/morvi_overdraft.png	resource	low	queued
EZMicroBalance/images/powers/big/morvi_overdraft.png.import	resource	low	queued
EZMicroBalance/images/powers/big/morvi_paperstorm.png	resource	low	queued
EZMicroBalance/images/powers/big/morvi_paperstorm.png.import	resource	low	queued
EZMicroBalance/images/powers/big/morvi_proofread.png	resource	low	queued
EZMicroBalance/images/powers/big/morvi_proofread.png.import	resource	low	queued
EZMicroBalance/images/powers/big/power.png	resource	low	queued
EZMicroBalance/images/powers/big/power.png.import	resource	low	queued
EZMicroBalance/images/powers/big/vakuu_blood_debt.png	resource	low	queued
EZMicroBalance/images/powers/big/vakuu_blood_debt.png.import	resource	low	queued
EZMicroBalance/images/powers/big/vakuu_stolen_vault.png	resource	low	queued
EZMicroBalance/images/powers/big/vakuu_stolen_vault.png.import	resource	low	queued
EZMicroBalance/images/powers/lotha_death_reprieve.png	resource	low	queued
EZMicroBalance/images/powers/lotha_death_reprieve.png.import	resource	low	queued
EZMicroBalance/images/powers/lotha_enlightenment.png	resource	low	queued
EZMicroBalance/images/powers/lotha_enlightenment.png.import	resource	low	queued
EZMicroBalance/images/powers/lotha_presumption.png	resource	low	queued
EZMicroBalance/images/powers/lotha_presumption.png.import	resource	low	queued
EZMicroBalance/images/powers/lotha_single_sentence.png	resource	low	queued
EZMicroBalance/images/powers/lotha_single_sentence.png.import	resource	low	queued
EZMicroBalance/images/powers/lotha_verdict.png	resource	low	queued
EZMicroBalance/images/powers/lotha_verdict.png.import	resource	low	queued
EZMicroBalance/images/powers/morvi_archive_page.png	resource	low	queued
EZMicroBalance/images/powers/morvi_archive_page.png.import	resource	low	queued
EZMicroBalance/images/powers/morvi_debt.png	resource	low	queued
EZMicroBalance/images/powers/morvi_debt.png.import	resource	low	queued
EZMicroBalance/images/powers/morvi_open_book.png	resource	low	queued
EZMicroBalance/images/powers/morvi_open_book.png.import	resource	low	queued
EZMicroBalance/images/powers/morvi_overdraft.png	resource	low	queued
EZMicroBalance/images/powers/morvi_overdraft.png.import	resource	low	queued
EZMicroBalance/images/powers/morvi_paperstorm.png	resource	low	queued
EZMicroBalance/images/powers/morvi_paperstorm.png.import	resource	low	queued
EZMicroBalance/images/powers/morvi_proofread.png	resource	low	queued
EZMicroBalance/images/powers/morvi_proofread.png.import	resource	low	queued
EZMicroBalance/images/powers/power.png	resource	low	queued
EZMicroBalance/images/powers/power.png.import	resource	low	queued
EZMicroBalance/images/powers/vakuu_blood_debt.png	resource	low	queued
EZMicroBalance/images/powers/vakuu_blood_debt.png.import	resource	low	queued
EZMicroBalance/images/powers/vakuu_stolen_vault.png	resource	low	queued
EZMicroBalance/images/powers/vakuu_stolen_vault.png.import	resource	low	queued
EZMicroBalance/images/relics/big/relic.png	resource	low	queued
EZMicroBalance/images/relics/big/relic.png.import	resource	low	queued
EZMicroBalance/images/relics/big/sere_talon_spire_plus.png	resource	low	queued
EZMicroBalance/images/relics/big/sere_talon_spire_plus.png.import	resource	low	queued
EZMicroBalance/images/relics/relic.png	resource	low	queued
EZMicroBalance/images/relics/relic.png.import	resource	low	queued
EZMicroBalance/images/relics/relic_outline.png	resource	low	queued
EZMicroBalance/images/relics/relic_outline.png.import	resource	low	queued
EZMicroBalance/images/relics/sere_talon_spire_plus.png	resource	low	queued
EZMicroBalance/images/relics/sere_talon_spire_plus.png.import	resource	low	queued
EZMicroBalance/mod_image.png	resource	low	queued
EZMicroBalance/mod_image.png.import	resource	low	queued
EZMicroBalance/scenes/encounters/ezmb_vakuu_trial.tscn	scene	low	queued
EZMicroBalance/scenes/events/background_scenes/ezmb_lotha.tscn	scene	low	queued
EZMicroBalance/scenes/events/background_scenes/ezmb_morvi.tscn	scene	low	queued
EZMicroBalance/scenes/events/background_scenes/ezmb_urda.tscn	scene	low	queued
.github/ISSUE_TEMPLATE/engineering_issue.md	workflow	low	queued
.github/pull_request_template.md	workflow	low	queued
.github/workflows/full-local-validation.yml	workflow	low	queued
.github/workflows/repository-hygiene.yml	workflow	low	queued
.github/workflows/spire-plus-site.yml	workflow	low	queued
scripts/audit-ancient-art-assets.ps1	script	low	queued
scripts/audit-godot-log.ps1	script	low	queued
scripts/bootstrap-windows.ps1	script	low	queued
scripts/capture-spire-window.ps1	script	low	queued
scripts/check-github-workflow-runs.ps1	script	low	queued
scripts/check-installed-ezmb-package.ps1	script	low	queued
scripts/check-installed-ezmb-package.sh	script	low	queued
scripts/check-installed-spire-plus-package.ps1	script	low	queued
scripts/check-installed-spire-plus-package.sh	script	low	queued
scripts/check-spire-window-preflight.ps1	script	low	queued
scripts/ci-full-validation.ps1	script	low	queued
scripts/collect-ancient-ui-evidence.ps1	script	low	queued
scripts/collect-coop-evidence.ps1	script	low	queued
scripts/collect-future-peek-evidence.ps1	script	low	queued
scripts/collect-preview-tools-evidence.ps1	script	low	queued
scripts/collect-release-evidence.ps1	script	low	queued
scripts/collect-vakuu-fight-evidence.ps1	script	low	queued
scripts/generate-patch-inventory.ps1	script	low	queued
scripts/invoke-ancient-art-gpt4free.ps1	script	low	queued
scripts/package-spire-plus.ps1	script	low	queued
scripts/prepare-current-manual-test-handoff.ps1	script	low	queued
scripts/prune-generated-sidecars.ps1	script	low	queued
scripts/prune-stale-publish-packages.ps1	script	low	queued
scripts/README.md	script	low	queued
scripts/report-worktree-batches.ps1	script	low	queued
scripts/send-spire-dev-console-command.ps1	script	low	queued
scripts/spire-plus-live-session.ps1	script	low	queued
scripts/spire-plus-package-evidence.ps1	script	low	queued
scripts/validate-repository-hygiene.ps1	script	low	queued
scripts/verify-spire-plus-release-evidence.ps1	script	low	queued
